EMPRES-i Plus,,,,,,,,,,,,,,,,,,
Date downloaded: 07/07/2026 19:56,,,,,,,,,,,,,,,,,,
,,,,,,,,,,,,,,,,,,
Filters,,,,,,,,,,,,,,,,,,
Disease: Contagious bovine pleuropneumonia,,,,,,,,,,,,,,,,,,
Region: Africa,,,,,,,,,,,,,,,,,,
Subregion: All,,,,,,,,,,,,,,,,,,
Diagnosis source: All,,,,,,,,,,,,,,,,,,
Diagnosis status: All,,,,,,,,,,,,,,,,,,
Animal type: All,,,,,,,,,,,,,,,,,,
,,,,,,,,,,,,,,,,,,
Event.ID,Global.ID,Disease,Serotype,Region,Subregion,Country,Admin.level.1,Locality,Latitude,Longitude,Diagnosis.source,Diagnosis.status,Animal.type,Species,Observation.date..dd.mm.yyyy.,Report.date..dd.mm.yyyy.,Humans.affected,Human.deaths
385791,UNFAO-LEG-385791,Contagious bovine pleuropneumonia,,Africa,Southern Africa,Namibia,Kunene,ob_139054 - Okapundja,-18.14,14.09,WOAH (former OIE),Confirmed,Domestic - Cattle,Domestic - Cattle,01/07/2024,03/09/2024,,
379450,UNFAO-LEG-379450,Contagious bovine pleuropneumonia,,Africa,Eastern Africa,Zambia,Central,Chisamba District,-14.97527,28.47255,WOAH (former OIE),Confirmed,Domestic - Cattle,Domestic - Cattle,30/04/2024,27/05/2024,,
372323,UNFAO-LEG-372323,Contagious bovine pleuropneumonia,,Africa,Southern Africa,Namibia,Oshikoto,Okambuga,-18.34,16.68,WOAH (former OIE),Confirmed,Domestic - Cattle,Domestic - Cattle,22/12/2023,05/02/2024,,
364098,UNFAO-LEG-364098,Contagious bovine pleuropneumonia,,Africa,Southern Africa,Namibia,Kavango,Mantenya,-17.9,20.06,WOAH (former OIE),Confirmed,Domestic - Cattle,Domestic - Cattle,26/05/2023,06/10/2023,,
364099,UNFAO-LEG-364099,Contagious bovine pleuropneumonia,,Africa,Southern Africa,Namibia,Kunene,Etoto,-17.59,14.06,WOAH (former OIE),Confirmed,Domestic - Cattle,Domestic - Cattle,26/05/2023,06/10/2023,,
333507,UNFAO-LEG-333507,Contagious bovine pleuropneumonia,,Africa,Southern Africa,Namibia,Ohangwena,Eendaadi,-17.49,16.15,WOAH (former OIE),Confirmed,Domestic - Cattle,Domestic - Cattle,14/10/2022,17/10/2022,,
333199,UNFAO-LEG-333199,Contagious bovine pleuropneumonia,,Africa,Southern Africa,Namibia,Omusati,Eloela,-17.56,14.97,WOAH (former OIE),Confirmed,Domestic - Cattle,Domestic - Cattle,06/10/2022,11/10/2022,,
333364,UNFAO-LEG-333364,Contagious bovine pleuropneumonia,,Africa,Southern Africa,Namibia,Ohangwena,Okashushwena,-17.54,17.62,WOAH (former OIE),Confirmed,Domestic - Cattle,Domestic - Cattle,05/10/2022,13/10/2022,,
333508,UNFAO-LEG-333508,Contagious bovine pleuropneumonia,,Africa,Southern Africa,Namibia,Ohangwena,Okakongo Kaerobi,-17.73,17.27,WOAH (former OIE),Confirmed,Domestic - Cattle,Domestic - Cattle,05/10/2022,17/10/2022,,
333509,UNFAO-LEG-333509,Contagious bovine pleuropneumonia,,Africa,Southern Africa,Namibia,Ohangwena,Omupini,-17.66,17.48,WOAH (former OIE),Confirmed,Domestic - Cattle,Domestic - Cattle,05/10/2022,17/10/2022,,
333510,UNFAO-LEG-333510,Contagious bovine pleuropneumonia,,Africa,Southern Africa,Namibia,Ohangwena,Okongo,-17.57,17.22,WOAH (former OIE),Confirmed,Domestic - Cattle,Domestic - Cattle,05/10/2022,17/10/2022,,
332869,UNFAO-LEG-332869,Contagious bovine pleuropneumonia,,Africa,Southern Africa,Namibia,Oshikoto,Amuupa,-17.81,16.06,WOAH (former OIE),Confirmed,Domestic - Cattle,Domestic - Cattle,22/09/2022,06/10/2022,,
333365,UNFAO-LEG-333365,Contagious bovine pleuropneumonia,,Africa,Southern Africa,Namibia,Kunene,ETOTO,-17.59,14.06,WOAH (former OIE),Confirmed,Domestic - Cattle,Domestic - Cattle,22/09/2022,13/10/2022,,
333363,UNFAO-LEG-333363,Contagious bovine pleuropneumonia,,Africa,Southern Africa,Namibia,Omusati,OLUSATI,-17.57,14.66,WOAH (former OIE),Confirmed,Domestic - Cattle,Domestic - Cattle,21/09/2022,13/10/2022,,
332192,UNFAO-LEG-332192,Contagious bovine pleuropneumonia,,Africa,Southern Africa,Namibia,Kavango,Gava,-17.94,18.44,WOAH (former OIE),Confirmed,Domestic - Cattle,Domestic - Cattle,08/09/2022,26/09/2022,,
333200,UNFAO-LEG-333200,Contagious bovine pleuropneumonia,,Africa,Southern Africa,Namibia,Omusati,Oshikulufitu,-17.54,15.15,WOAH (former OIE),Confirmed,Domestic - Cattle,Domestic - Cattle,06/09/2022,11/10/2022,,
334179,UNFAO-LEG-334179,Contagious bovine pleuropneumonia,,Africa,Eastern Africa,Zambia,Central,Mwachisompola Veterinary Camp  Chisamba District  Central Province,-15.01,28.1529,WOAH (former OIE),Confirmed,Domestic - Cattle,Domestic - Cattle,01/09/2022,28/10/2022,,
332155,UNFAO-LEG-332155,Contagious bovine pleuropneumonia,,Africa,Southern Africa,Namibia,Kavango,Kaakuwa,-17.92,18.57,WOAH (former OIE),Confirmed,Domestic - Cattle,Domestic - Cattle,18/08/2022,23/09/2022,,
332156,UNFAO-LEG-332156,Contagious bovine pleuropneumonia,,Africa,Southern Africa,Namibia,Kavango,Sikondo,-17.87,19.62,WOAH (former OIE),Confirmed,Domestic - Cattle,Domestic - Cattle,18/08/2022,23/09/2022,,
333198,UNFAO-LEG-333198,Contagious bovine pleuropneumonia,,Africa,Southern Africa,Namibia,Omusati,Amaupa,-18.05,14.55,WOAH (former OIE),Confirmed,Domestic - Cattle,Domestic - Cattle,12/08/2022,11/10/2022,,
333201,UNFAO-LEG-333201,Contagious bovine pleuropneumonia,,Africa,Southern Africa,Namibia,Omusati,Omusati,-17.95,15.16,WOAH (former OIE),Confirmed,Domestic - Cattle,Domestic - Cattle,12/08/2022,11/10/2022,,
325981,UNFAO-LEG-325981,Contagious bovine pleuropneumonia,,Africa,Southern Africa,Namibia,Oshikoto,Omutwewomendi,-18.3396,16.6577,WOAH (former OIE),Confirmed,Domestic - Cattle,Domestic - Cattle,27/06/2022,01/07/2022,,
332153,UNFAO-LEG-332153,Contagious bovine pleuropneumonia,,Africa,Southern Africa,Namibia,Ohangwena,Ohalushu,-17.64,15.87,WOAH (former OIE),Confirmed,Domestic - Cattle,Domestic - Cattle,09/06/2022,26/09/2022,,
332154,UNFAO-LEG-332154,Contagious bovine pleuropneumonia,,Africa,Southern Africa,Namibia,Ohangwena,Ekonghola,-17.62,15.86,WOAH (former OIE),Confirmed,Domestic - Cattle,Domestic - Cattle,09/06/2022,26/09/2022,,
325200,UNFAO-LEG-325200,Contagious bovine pleuropneumonia,,Africa,Southern Africa,Namibia,Ohangwena,Oshandi,-17.51,16.12,WOAH (former OIE),Confirmed,Domestic - Cattle,Domestic - Cattle,16/05/2022,22/06/2022,,
330422,UNFAO-LEG-330422,Contagious bovine pleuropneumonia,,Africa,Southern Africa,Namibia,Kavango,MAYENZERE,-17.84,19.19,WOAH (former OIE),Confirmed,Domestic - Cattle,Domestic - Cattle,11/03/2022,17/03/2022,,
330423,UNFAO-LEG-330423,Contagious bovine pleuropneumonia,,Africa,Southern Africa,Namibia,Kavango,sau,-18.06,19.19,WOAH (former OIE),Confirmed,Domestic - Cattle,Domestic - Cattle,11/03/2022,18/03/2022,,
330424,UNFAO-LEG-330424,Contagious bovine pleuropneumonia,,Africa,Southern Africa,Namibia,Kavango,Erago,-18.2,19.28,WOAH (former OIE),Confirmed,Domestic - Cattle,Domestic - Cattle,28/02/2022,18/03/2022,,
304155,UNFAO-LEG-304155,Contagious bovine pleuropneumonia,,Africa,Southern Africa,Namibia,Omusati,Onesi,-17.58,14.68,WOAH (former OIE),Confirmed,Domestic - Cattle,Domestic - Cattle,13/08/2021,24/09/2021,,
304156,UNFAO-LEG-304156,Contagious bovine pleuropneumonia,,Africa,Southern Africa,Namibia,Omusati,Okafitukakahumbi,-17.58,15.04,WOAH (former OIE),Confirmed,Domestic - Cattle,Domestic - Cattle,11/08/2021,24/09/2021,,
284471,UNFAO-LEG-284471,Contagious bovine pleuropneumonia,,Africa,Western Africa,Niger,Tillaberi,Ingari,14.0649,1.8409,WOAH (former OIE),Confirmed,Domestic - Cattle,Domestic - Cattle,03/12/2020,15/12/2020,,
254712,UNFAO-LEG-254712,Contagious bovine pleuropneumonia,,Africa,Southern Africa,Namibia,Kavango,Nkurenkuru,-17.62,18.61,WOAH (former OIE),Confirmed,Domestic - Cattle,Domestic - Cattle,20/05/2019,26/06/2019,,
239430,UNFAO-LEG-239430,Contagious bovine pleuropneumonia,,Africa,Southern Africa,Namibia,Kavango,Musese,-17.83,18.98,WOAH (former OIE),Confirmed,Domestic - Cattle,Domestic - Cattle,08/06/2018,31/08/2018,,
239429,UNFAO-LEG-239429,Contagious bovine pleuropneumonia,,Africa,Southern Africa,Namibia,Kavango,Masivi,-17.89,19.41,WOAH (former OIE),Confirmed,Domestic - Cattle,Domestic - Cattle,01/05/2018,31/08/2018,,
239428,UNFAO-LEG-239428,Contagious bovine pleuropneumonia,,Africa,Southern Africa,Namibia,Kavango,Musese,-17.83,18.98,WOAH (former OIE),Confirmed,Domestic - Cattle,Domestic - Cattle,01/04/2018,31/08/2018,,
226675,UNFAO-LEG-226675,Contagious bovine pleuropneumonia,,Africa,Eastern Africa,Zambia,Southern,Makononga Village,-17.7115,25.1914,WOAH (former OIE),Confirmed,Domestic - Cattle,Domestic - Cattle,06/04/2017,21/04/2017,,
224030,UNFAO-LEG-224030,Contagious bovine pleuropneumonia,,Africa,Western Africa,Gambia,Central River,Central River Region,13.647846,-15.084603,WOAH (former OIE),Confirmed,Domestic - Cattle,Domestic - Cattle,15/09/2016,21/02/2017,,
208504,UNFAO-LEG-208504,Contagious bovine pleuropneumonia,,Africa,Western Africa,Mauritania,Gorgol,Gorgol,15.543,-12.851,WOAH (former OIE),Confirmed,Domestic - Cattle,Domestic - Cattle,20/10/2015,13/11/2015,,
207734,UNFAO-LEG-207734,Contagious bovine pleuropneumonia,,Africa,Western Africa,Senegal,Saint louis,Gamadji Saré,16.3681,-14.8267,WOAH (former OIE),Confirmed,Domestic - Cattle,Domestic - Cattle,15/09/2015,05/10/2015,,
194487,UNFAO-LEG-194487,Contagious bovine pleuropneumonia,,Africa,Western Africa,Senegal,Matam,Ogo  Matam,15.550013,-13.297196,WOAH (former OIE),Confirmed,Domestic - cattle,Domestic - Cattle,23/09/2014,28/10/2014,,
191401,UNFAO-LEG-191401,Contagious bovine pleuropneumonia,,Africa,Western Africa,Senegal,Kolda,Saré Yéroyèle  Saré Coly Sallé,13.144935,-13.994705,WOAH (former OIE),Confirmed,Domestic - cattle,Domestic - Cattle,28/08/2014,22/09/2014,,
182668,UNFAO-LEG-182668,Contagious bovine pleuropneumonia,,Africa,Western Africa,Mauritania,Gorgol,Kaedi,16.1744,-13.2878,WOAH (former OIE),Confirmed,Domestic - cattle,Domestic - Cattle,17/01/2014,30/01/2014,,
183527,UNFAO-LEG-183527,Contagious bovine pleuropneumonia,,Africa,Western Africa,Mauritania,Gorgol,Djeol,16.071053,-13.37348,WOAH (former OIE),Confirmed,Domestic - cattle,Domestic - Cattle,17/01/2014,25/03/2014,,
183369,UNFAO-LEG-183369,Contagious bovine pleuropneumonia,,Africa,Western Africa,Togo,Centrale,RéGION CENTRALE,8.597867,1.050071,WOAH (former OIE),Confirmed,Domestic - cattle,Domestic - Cattle,31/12/2013,31/12/2013,,
183368,UNFAO-LEG-183368,Contagious bovine pleuropneumonia,,Africa,Western Africa,Togo,Centrale,RéGION CENTRALE,8.597867,1.050071,WOAH (former OIE),Confirmed,Domestic - cattle,Domestic - Cattle,30/11/2013,30/11/2013,,
181775,UNFAO-LEG-181775,Contagious bovine pleuropneumonia,,Africa,Western Africa,Guinea,Nzerekore,Sinko  Yomangala village,9.0422,-8.0961,WOAH (former OIE),Confirmed,Domestic - cattle,Domestic - Cattle,12/11/2013,20/11/2013,,
181756,UNFAO-LEG-181756,Contagious bovine pleuropneumonia,,Africa,Western Africa,Senegal,Kolda,Piaye Pathé  Fafacourou  Badion,13.3002,-14.7259,WOAH (former OIE),Confirmed,Domestic - cattle,Domestic - Cattle,08/11/2013,17/11/2013,,
183367,UNFAO-LEG-183367,Contagious bovine pleuropneumonia,,Africa,Western Africa,Togo,Centrale,RéGION CENTRALE,8.597867,1.050071,WOAH (former OIE),Confirmed,Domestic - cattle,Domestic - Cattle,31/10/2013,31/10/2013,,
182890,UNFAO-LEG-182890,Contagious bovine pleuropneumonia,,Africa,Western Africa,Mauritania,Guidimakha,Kambel  common Ajar,15.241617,-12.287766,WOAH (former OIE),Confirmed,Domestic - cattle,Domestic - Cattle,30/09/2013,16/02/2014,,
184966,UNFAO-LEG-184966,Contagious bovine pleuropneumonia,,Africa,Eastern Africa,Kenya,Rift Valley,Wiyumiririe,-0.034332,36.640563,Media,Suspected,Domestic - cattle,Domestic - Cattle,31/08/2013,12/03/2014,,
178270,UNFAO-LEG-178270,Contagious bovine pleuropneumonia,,Africa,Western Africa,Guinea,Kankan,Bankon ,11.5441,-8.8811,WOAH (former OIE),Confirmed,Domestic - cattle,Domestic - Cattle,18/07/2013,05/09/2013,,
183299,UNFAO-LEG-183299,Contagious bovine pleuropneumonia,,Africa,Western Africa,Benin,Collines,SAVE,8.008012,2.542502,WOAH (former OIE),Confirmed,Domestic - cattle,Domestic - Cattle,30/06/2013,30/06/2013,,
183321,UNFAO-LEG-183321,Contagious bovine pleuropneumonia,,Africa,Middle Africa,Cameroon,Extrême - Nord,EXTREME-NORD,11.502931,14.864448,WOAH (former OIE),Confirmed,Domestic - cattle,Domestic - Cattle,30/06/2013,30/06/2013,,
183330,UNFAO-LEG-183330,Contagious bovine pleuropneumonia,,Africa,Western Africa,Côte d'Ivoire,Vallee Du Bandama,DABAKALA,8.622736,-4.821139,WOAH (former OIE),Confirmed,Domestic - cattle,Domestic - Cattle,30/06/2013,30/06/2013,,
183337,UNFAO-LEG-183337,Contagious bovine pleuropneumonia,,Africa,Western Africa,Mali,Segou,SÉGOU,14.051316,-6.002882,WOAH (former OIE),Confirmed,Domestic - cattle,Domestic - Cattle,30/06/2013,30/06/2013,,
183341,UNFAO-LEG-183341,Contagious bovine pleuropneumonia,,Africa,Western Africa,Niger,Diffa,DIFFA,15.538972,13.118882,WOAH (former OIE),Confirmed,Domestic - cattle,Domestic - Cattle,30/06/2013,30/06/2013,,
183342,UNFAO-LEG-183342,Contagious bovine pleuropneumonia,,Africa,Western Africa,Niger,Tillaberi,TILLABERI,13.79669,1.869569,WOAH (former OIE),Confirmed,Domestic - cattle,Domestic - Cattle,30/06/2013,30/06/2013,,
183351,UNFAO-LEG-183351,Contagious bovine pleuropneumonia,,Africa,Western Africa,Nigeria,Gombe,GOMBE,10.455729,11.251402,WOAH (former OIE),Confirmed,Domestic - cattle,Domestic - Cattle,30/06/2013,30/06/2013,,
182696,UNFAO-LEG-182696,Contagious bovine pleuropneumonia,,Africa,Western Africa,Mauritania,Gorgol,M Bout,16.01443,-12.37729,WOAH (former OIE),Confirmed,Domestic - cattle,Domestic - Cattle,31/05/2013,30/06/2013,,
183298,UNFAO-LEG-183298,Contagious bovine pleuropneumonia,,Africa,Western Africa,Benin,Atlantique,OUIDAH,6.393675,2.139897,WOAH (former OIE),Confirmed,Domestic - cattle,Domestic - Cattle,31/05/2013,31/05/2013,,
183350,UNFAO-LEG-183350,Contagious bovine pleuropneumonia,,Africa,Western Africa,Nigeria,Plateau,PLATEAU,9.343054,9.629934,WOAH (former OIE),Confirmed,Domestic - cattle,Domestic - Cattle,31/05/2013,31/05/2013,,
183366,UNFAO-LEG-183366,Contagious bovine pleuropneumonia,,Africa,Western Africa,Togo,Centrale,RéGION CENTRALE,8.597867,1.050071,WOAH (former OIE),Confirmed,Domestic - cattle,Domestic - Cattle,31/05/2013,31/05/2013,,
183320,UNFAO-LEG-183320,Contagious bovine pleuropneumonia,,Africa,Middle Africa,Cameroon,Extrême - Nord,EXTREME-NORD,11.502931,14.864448,WOAH (former OIE),Confirmed,Domestic - cattle,Domestic - Cattle,30/04/2013,30/04/2013,,
183364,UNFAO-LEG-183364,Contagious bovine pleuropneumonia,,Africa,Western Africa,Togo,Centrale,RéGION CENTRALE,8.597867,1.050071,WOAH (former OIE),Confirmed,Domestic - cattle,Domestic - Cattle,30/04/2013,30/04/2013,,
183365,UNFAO-LEG-183365,Contagious bovine pleuropneumonia,,Africa,Western Africa,Togo,Savanes,REGION DES SAVANES,10.50292,0.465589,WOAH (former OIE),Confirmed,Domestic - cattle,Domestic - Cattle,30/04/2013,30/04/2013,,
182695,UNFAO-LEG-182695,Contagious bovine pleuropneumonia,,Africa,Western Africa,Mauritania,Gorgol,M Bout,16.01443,-12.37729,WOAH (former OIE),Confirmed,Domestic - cattle,Domestic - Cattle,31/03/2013,30/06/2013,,
183297,UNFAO-LEG-183297,Contagious bovine pleuropneumonia,,Africa,Western Africa,Benin,Atlantique,ALLADA,6.68295,2.114891,WOAH (former OIE),Confirmed,Domestic - cattle,Domestic - Cattle,31/03/2013,31/03/2013,,
183319,UNFAO-LEG-183319,Contagious bovine pleuropneumonia,,Africa,Middle Africa,Cameroon,Extrême - Nord,EXTREME-NORD,11.502931,14.864448,WOAH (former OIE),Confirmed,Domestic - cattle,Domestic - Cattle,31/03/2013,31/03/2013,,
183363,UNFAO-LEG-183363,Contagious bovine pleuropneumonia,,Africa,Western Africa,Togo,Kara,REGION DE LA KARA,9.528348,0.795393,WOAH (former OIE),Confirmed,Domestic - cattle,Domestic - Cattle,31/03/2013,31/03/2013,,
182694,UNFAO-LEG-182694,Contagious bovine pleuropneumonia,,Africa,Western Africa,Mauritania,Gorgol,Maghama,15.534626,-12.854275,WOAH (former OIE),Confirmed,Domestic - cattle,Domestic - Cattle,28/02/2013,30/06/2013,,
183296,UNFAO-LEG-183296,Contagious bovine pleuropneumonia,,Africa,Western Africa,Benin,Atlantique,OUIDAH,6.393675,2.139897,WOAH (former OIE),Confirmed,Domestic - cattle,Domestic - Cattle,28/02/2013,28/02/2013,,
183306,UNFAO-LEG-183306,Contagious bovine pleuropneumonia,,Africa,Western Africa,Burkina Faso,Boucle Du Mouhoun,NAYALA,12.66156,-2.993785,WOAH (former OIE),Confirmed,Domestic - cattle,Domestic - Cattle,28/02/2013,28/02/2013,,
183340,UNFAO-LEG-183340,Contagious bovine pleuropneumonia,,Africa,Western Africa,Niger,Diffa,DIFFA,15.538972,13.118882,WOAH (former OIE),Confirmed,Domestic - cattle,Domestic - Cattle,28/02/2013,28/02/2013,,
183349,UNFAO-LEG-183349,Contagious bovine pleuropneumonia,,Africa,Western Africa,Nigeria,Osun,OSUN,7.526452,4.536207,WOAH (former OIE),Confirmed,Domestic - cattle,Domestic - Cattle,28/02/2013,28/02/2013,,
182896,UNFAO-LEG-182896,Contagious bovine pleuropneumonia,,Africa,Western Africa,Mauritania,Gorgol,Maghama,15.534626,-12.854275,WOAH (former OIE),Confirmed,Domestic - cattle,Domestic - Cattle,31/01/2013,30/06/2013,,
183293,UNFAO-LEG-183293,Contagious bovine pleuropneumonia,,Africa,Western Africa,Benin,Zou,DJIDJA,7.401985,1.976259,WOAH (former OIE),Confirmed,Domestic - cattle,Domestic - Cattle,31/01/2013,31/01/2013,,
183294,UNFAO-LEG-183294,Contagious bovine pleuropneumonia,,Africa,Western Africa,Benin,Collines,OUESSE,8.448473,2.532592,WOAH (former OIE),Confirmed,Domestic - cattle,Domestic - Cattle,31/01/2013,31/01/2013,,
183295,UNFAO-LEG-183295,Contagious bovine pleuropneumonia,,Africa,Western Africa,Benin,Collines,SAVE,8.008012,2.542502,WOAH (former OIE),Confirmed,Domestic - cattle,Domestic - Cattle,31/01/2013,31/01/2013,,
183304,UNFAO-LEG-183304,Contagious bovine pleuropneumonia,,Africa,Western Africa,Burkina Faso,Est,GNAGNA,12.915697,-0.049032,WOAH (former OIE),Confirmed,Domestic - cattle,Domestic - Cattle,31/01/2013,31/01/2013,,
183305,UNFAO-LEG-183305,Contagious bovine pleuropneumonia,,Africa,Western Africa,Burkina Faso,Boucle Du Mouhoun,NAYALA,12.66156,-2.993785,WOAH (former OIE),Confirmed,Domestic - cattle,Domestic - Cattle,31/01/2013,31/01/2013,,
183347,UNFAO-LEG-183347,Contagious bovine pleuropneumonia,,Africa,Western Africa,Nigeria,Adamawa,ADAMAWA,9.187113,12.35978,WOAH (former OIE),Confirmed,Domestic - cattle,Domestic - Cattle,31/01/2013,31/01/2013,,
183348,UNFAO-LEG-183348,Contagious bovine pleuropneumonia,,Africa,Western Africa,Nigeria,Yobe,YOBE,11.973616,11.555922,WOAH (former OIE),Confirmed,Domestic - cattle,Domestic - Cattle,31/01/2013,31/01/2013,,
183362,UNFAO-LEG-183362,Contagious bovine pleuropneumonia,,Africa,Western Africa,Togo,Savanes,REGION DES SAVANES,10.50292,0.465589,WOAH (former OIE),Confirmed,Domestic - cattle,Domestic - Cattle,31/01/2013,31/01/2013,,
182891,UNFAO-LEG-182891,Contagious bovine pleuropneumonia,,Africa,Western Africa,Mauritania,Gorgol,Gourel Doro,15.534626,-12.854275,WOAH (former OIE),Confirmed,Domestic - cattle,Domestic - Cattle,31/12/2012,31/12/2012,,
183318,UNFAO-LEG-183318,Contagious bovine pleuropneumonia,,Africa,Middle Africa,Cameroon,Extrême - Nord,EXTREME-NORD,11.502931,14.864448,WOAH (former OIE),Confirmed,Domestic - cattle,Domestic - Cattle,31/12/2012,31/12/2012,,
183324,UNFAO-LEG-183324,Contagious bovine pleuropneumonia,,Africa,Western Africa,Côte d'Ivoire,Zanzan,BOUNA,9.078218,-3.307301,WOAH (former OIE),Confirmed,Domestic - cattle,Domestic - Cattle,31/12/2012,31/12/2012,,
183325,UNFAO-LEG-183325,Contagious bovine pleuropneumonia,,Africa,Western Africa,Côte d'Ivoire,Vallee Du Bandama,DABAKALA,8.622736,-4.821139,WOAH (former OIE),Confirmed,Domestic - cattle,Domestic - Cattle,31/12/2012,31/12/2012,,
183326,UNFAO-LEG-183326,Contagious bovine pleuropneumonia,,Africa,Western Africa,Côte d'Ivoire,Savanes,FERKESSEDOUGOU,9.548174,-4.782443,WOAH (former OIE),Confirmed,Domestic - cattle,Domestic - Cattle,31/12/2012,31/12/2012,,
183327,UNFAO-LEG-183327,Contagious bovine pleuropneumonia,,Africa,Western Africa,Côte d'Ivoire,Woroba,MANKONO,8.377756,-5.931988,WOAH (former OIE),Confirmed,Domestic - cattle,Domestic - Cattle,31/12/2012,31/12/2012,,
183328,UNFAO-LEG-183328,Contagious bovine pleuropneumonia,,Africa,Western Africa,Côte d'Ivoire,Woroba,SEGUELA,8.428585,-6.780912,WOAH (former OIE),Confirmed,Domestic - cattle,Domestic - Cattle,31/12/2012,31/12/2012,,
183329,UNFAO-LEG-183329,Contagious bovine pleuropneumonia,,Africa,Western Africa,Côte d'Ivoire,Savanes,TENGRELA,9.898302,-6.449098,WOAH (former OIE),Confirmed,Domestic - cattle,Domestic - Cattle,31/12/2012,31/12/2012,,
183333,UNFAO-LEG-183333,Contagious bovine pleuropneumonia,,Africa,Western Africa,Guinea,Kankan,SIGUIRI,11.676687,-9.550096,WOAH (former OIE),Confirmed,Domestic - cattle,Domestic - Cattle,31/12/2012,31/12/2012,,
183334,UNFAO-LEG-183334,Contagious bovine pleuropneumonia,,Africa,Western Africa,Guinea,Nzerekore,BEYLA,8.906216,-8.372682,WOAH (former OIE),Confirmed,Domestic - cattle,Domestic - Cattle,31/12/2012,31/12/2012,,
183336,UNFAO-LEG-183336,Contagious bovine pleuropneumonia,,Africa,Western Africa,Mali,Bamako,BAMAKO,12.605425,-7.990228,WOAH (former OIE),Confirmed,Domestic - cattle,Domestic - Cattle,31/12/2012,31/12/2012,,
183352,UNFAO-LEG-183352,Contagious bovine pleuropneumonia,,Africa,Western Africa,Senegal,Tambacounda,TAMBACOUNDA,13.869644,-13.319657,WOAH (former OIE),Confirmed,Domestic - cattle,Domestic - Cattle,31/12/2012,31/12/2012,,
183361,UNFAO-LEG-183361,Contagious bovine pleuropneumonia,,Africa,Western Africa,Togo,Centrale,RéGION CENTRALE,8.597867,1.050071,WOAH (former OIE),Confirmed,Domestic - cattle,Domestic - Cattle,31/12/2012,31/12/2012,,
183292,UNFAO-LEG-183292,Contagious bovine pleuropneumonia,,Africa,Western Africa,Benin,Atlantique,OUIDAH,6.393675,2.139897,WOAH (former OIE),Confirmed,Domestic - cattle,Domestic - Cattle,30/11/2012,30/11/2012,,
183316,UNFAO-LEG-183316,Contagious bovine pleuropneumonia,,Africa,Middle Africa,Cameroon,Extrême - Nord,EXTREME-NORD,11.502931,14.864448,WOAH (former OIE),Confirmed,Domestic - cattle,Domestic - Cattle,30/11/2012,30/11/2012,,
183317,UNFAO-LEG-183317,Contagious bovine pleuropneumonia,,Africa,Middle Africa,Cameroon,Littoral,LITTORAL,4.296906,10.227719,WOAH (former OIE),Confirmed,Domestic - cattle,Domestic - Cattle,30/11/2012,30/11/2012,,
183360,UNFAO-LEG-183360,Contagious bovine pleuropneumonia,,Africa,Western Africa,Togo,Centrale,RéGION CENTRALE,8.597867,1.050071,WOAH (former OIE),Confirmed,Domestic - cattle,Domestic - Cattle,30/11/2012,30/11/2012,,
173410,UNFAO-LEG-173410,Contagious bovine pleuropneumonia,,Africa,Western Africa,Senegal,Tambacounda,Lounthy,13.490492,-13.020252,FAO Field Officer,Confirmed,Domestic - cattle,Domestic - Cattle,03/11/2012,13/11/2012,,
182892,UNFAO-LEG-182892,Contagious bovine pleuropneumonia,,Africa,Western Africa,Mauritania,Gorgol,Maghama,15.534626,-12.854275,WOAH (former OIE),Confirmed,Domestic - cattle,Domestic - Cattle,31/10/2012,31/12/2012,,
183315,UNFAO-LEG-183315,Contagious bovine pleuropneumonia,,Africa,Middle Africa,Cameroon,Extrême - Nord,EXTREME-NORD,11.502931,14.864448,WOAH (former OIE),Confirmed,Domestic - cattle,Domestic - Cattle,31/10/2012,31/10/2012,,
183344,UNFAO-LEG-183344,Contagious bovine pleuropneumonia,,Africa,Western Africa,Nigeria,Adamawa,ADAMAWA,9.187113,12.35978,WOAH (former OIE),Confirmed,Domestic - cattle,Domestic - Cattle,31/10/2012,31/10/2012,,
183345,UNFAO-LEG-183345,Contagious bovine pleuropneumonia,,Africa,Western Africa,Nigeria,Oyo,OYO,8.110304,3.613181,WOAH (former OIE),Confirmed,Domestic - cattle,Domestic - Cattle,31/10/2012,31/10/2012,,
183346,UNFAO-LEG-183346,Contagious bovine pleuropneumonia,,Africa,Western Africa,Nigeria,Plateau,PLATEAU,9.343054,9.629934,WOAH (former OIE),Confirmed,Domestic - cattle,Domestic - Cattle,31/10/2012,31/10/2012,,
175573,UNFAO-LEG-175573,Contagious bovine pleuropneumonia,,Africa,Eastern Africa,Zambia,Copperbelt,Zambeef Farm,-13.55479,27.642798,WOAH (former OIE),Confirmed,Domestic - cattle,Domestic - Cattle,26/10/2012,25/04/2013,,
183303,UNFAO-LEG-183303,Contagious bovine pleuropneumonia,,Africa,Western Africa,Burkina Faso,Cascades,COMOE,10.241432,-4.430389,WOAH (former OIE),Confirmed,Domestic - cattle,Domestic - Cattle,30/09/2012,30/09/2012,,
183314,UNFAO-LEG-183314,Contagious bovine pleuropneumonia,,Africa,Middle Africa,Cameroon,Extrême - Nord,EXTREME-NORD,11.502931,14.864448,WOAH (former OIE),Confirmed,Domestic - cattle,Domestic - Cattle,30/09/2012,30/09/2012,,
183371,UNFAO-LEG-183371,Contagious bovine pleuropneumonia,,Africa,Western Africa,Nigeria,Kwara,Kwara,9.057445,4.5781,WOAH (former OIE),Confirmed,Domestic - cattle,Domestic - Cattle,30/09/2012,30/09/2012,,
183359,UNFAO-LEG-183359,Contagious bovine pleuropneumonia,,Africa,Western Africa,Togo,Savanes,REGION DES SAVANES,10.50292,0.465589,WOAH (former OIE),Confirmed,Domestic - cattle,Domestic - Cattle,31/08/2012,31/08/2012,,
172864,UNFAO-LEG-172864,Contagious bovine pleuropneumonia,,Africa,Western Africa,Gambia,Central River,Niamina Dankunku,13.583334,-15.333333,WOAH (former OIE),Confirmed,Domestic - cattle,Domestic - Cattle,03/08/2012,27/09/2012,,
183312,UNFAO-LEG-183312,Contagious bovine pleuropneumonia,,Africa,Middle Africa,Cameroon,Adamaoua,ADAMAOUA,7.085211,13.217647,WOAH (former OIE),Confirmed,Domestic - cattle,Domestic - Cattle,31/07/2012,31/07/2012,,
183358,UNFAO-LEG-183358,Contagious bovine pleuropneumonia,,Africa,Western Africa,Togo,Centrale,RéGION CENTRALE,8.597867,1.050071,WOAH (former OIE),Confirmed,Domestic - cattle,Domestic - Cattle,31/07/2012,31/07/2012,,
183302,UNFAO-LEG-183302,Contagious bovine pleuropneumonia,,Africa,Western Africa,Burkina Faso,Centre-ouest,ZIRO,11.638183,-1.901835,WOAH (former OIE),Confirmed,Domestic - cattle,Domestic - Cattle,30/06/2012,30/06/2012,,
183311,UNFAO-LEG-183311,Contagious bovine pleuropneumonia,,Africa,Middle Africa,Cameroon,Extrême - Nord,EXTREME-NORD,11.502931,14.864448,WOAH (former OIE),Confirmed,Domestic - cattle,Domestic - Cattle,30/06/2012,30/06/2012,,
183313,UNFAO-LEG-183313,Contagious bovine pleuropneumonia,,Africa,Middle Africa,Cameroon,Nord,NORD,8.636915,13.900357,WOAH (former OIE),Confirmed,Domestic - cattle,Domestic - Cattle,30/06/2012,30/06/2012,,
183322,UNFAO-LEG-183322,Contagious bovine pleuropneumonia,,Africa,Western Africa,Côte d'Ivoire,Woroba,MANKONO,8.377756,-5.931988,WOAH (former OIE),Confirmed,Domestic - cattle,Domestic - Cattle,30/06/2012,30/06/2012,,
183323,UNFAO-LEG-183323,Contagious bovine pleuropneumonia,,Africa,Western Africa,Côte d'Ivoire,Denguele,ODIENNE,9.501363,-7.439244,WOAH (former OIE),Confirmed,Domestic - cattle,Domestic - Cattle,30/06/2012,30/06/2012,,
183331,UNFAO-LEG-183331,Contagious bovine pleuropneumonia,,Africa,Western Africa,Guinea,Nzerekore,LOLA,8.015203,-8.306124,WOAH (former OIE),Confirmed,Domestic - cattle,Domestic - Cattle,30/06/2012,30/06/2012,,
183332,UNFAO-LEG-183332,Contagious bovine pleuropneumonia,,Africa,Western Africa,Guinea,Kankan,SIGUIRI,11.676687,-9.550096,WOAH (former OIE),Confirmed,Domestic - cattle,Domestic - Cattle,30/06/2012,30/06/2012,,
183335,UNFAO-LEG-183335,Contagious bovine pleuropneumonia,,Africa,Western Africa,Mali,Segou,SÉGOU,14.051316,-6.002882,WOAH (former OIE),Confirmed,Domestic - cattle,Domestic - Cattle,30/06/2012,30/06/2012,,
183310,UNFAO-LEG-183310,Contagious bovine pleuropneumonia,,Africa,Middle Africa,Cameroon,Extrême - Nord,EXTREME-NORD,11.502931,14.864448,WOAH (former OIE),Confirmed,Domestic - cattle,Domestic - Cattle,31/05/2012,31/05/2012,,
183339,UNFAO-LEG-183339,Contagious bovine pleuropneumonia,,Africa,Western Africa,Niger,Tahoua,TAHOUA,16.186062,5.335096,WOAH (former OIE),Confirmed,Domestic - cattle,Domestic - Cattle,31/05/2012,31/05/2012,,
183288,UNFAO-LEG-183288,Contagious bovine pleuropneumonia,,Africa,Western Africa,Benin,Collines,DASSA-ZOUME,7.691019,2.263702,WOAH (former OIE),Confirmed,Domestic - cattle,Domestic - Cattle,30/04/2012,30/04/2012,,
183289,UNFAO-LEG-183289,Contagious bovine pleuropneumonia,,Africa,Western Africa,Benin,Zou,DJIDJA,7.401985,1.976259,WOAH (former OIE),Confirmed,Domestic - cattle,Domestic - Cattle,30/04/2012,30/04/2012,,
183290,UNFAO-LEG-183290,Contagious bovine pleuropneumonia,,Africa,Western Africa,Benin,Collines,OUESSE,8.448473,2.532592,WOAH (former OIE),Confirmed,Domestic - cattle,Domestic - Cattle,30/04/2012,30/04/2012,,
183291,UNFAO-LEG-183291,Contagious bovine pleuropneumonia,,Africa,Western Africa,Benin,Collines,SAVALOU,7.884705,1.866296,WOAH (former OIE),Confirmed,Domestic - cattle,Domestic - Cattle,30/04/2012,30/04/2012,,
183309,UNFAO-LEG-183309,Contagious bovine pleuropneumonia,,Africa,Middle Africa,Cameroon,Extrême - Nord,EXTREME-NORD,11.502931,14.864448,WOAH (former OIE),Confirmed,Domestic - cattle,Domestic - Cattle,30/04/2012,30/04/2012,,
183308,UNFAO-LEG-183308,Contagious bovine pleuropneumonia,,Africa,Middle Africa,Cameroon,Extrême - Nord,EXTREME-NORD,11.502931,14.864448,WOAH (former OIE),Confirmed,Domestic - cattle,Domestic - Cattle,31/03/2012,31/03/2012,,
183338,UNFAO-LEG-183338,Contagious bovine pleuropneumonia,,Africa,Western Africa,Niger,Tillaberi,TILLABERI,13.79669,1.869569,WOAH (former OIE),Confirmed,Domestic - cattle,Domestic - Cattle,31/03/2012,31/03/2012,,
183357,UNFAO-LEG-183357,Contagious bovine pleuropneumonia,,Africa,Western Africa,Togo,Centrale,RéGION CENTRALE,8.597867,1.050071,WOAH (former OIE),Confirmed,Domestic - cattle,Domestic - Cattle,30/03/2012,30/03/2012,,
183286,UNFAO-LEG-183286,Contagious bovine pleuropneumonia,,Africa,Western Africa,Benin,Collines,SAVALOU,7.884705,1.866296,WOAH (former OIE),Confirmed,Domestic - cattle,Domestic - Cattle,28/02/2012,28/02/2012,,
183287,UNFAO-LEG-183287,Contagious bovine pleuropneumonia,,Africa,Western Africa,Benin,Zou,ZANGNANADO,7.258471,2.420984,WOAH (former OIE),Confirmed,Domestic - cattle,Domestic - Cattle,28/02/2012,28/02/2012,,
183307,UNFAO-LEG-183307,Contagious bovine pleuropneumonia,,Africa,Middle Africa,Cameroon,Extrême - Nord,EXTREME-NORD,11.502931,14.864448,WOAH (former OIE),Confirmed,Domestic - cattle,Domestic - Cattle,28/02/2012,28/02/2012,,
183355,UNFAO-LEG-183355,Contagious bovine pleuropneumonia,,Africa,Western Africa,Togo,Centrale,RéGION CENTRALE,8.597867,1.050071,WOAH (former OIE),Confirmed,Domestic - cattle,Domestic - Cattle,28/02/2012,28/02/2012,,
183356,UNFAO-LEG-183356,Contagious bovine pleuropneumonia,,Africa,Western Africa,Togo,Savanes,REGION DES SAVANES,10.50292,0.465589,WOAH (former OIE),Confirmed,Domestic - cattle,Domestic - Cattle,28/02/2012,28/02/2012,,
183284,UNFAO-LEG-183284,Contagious bovine pleuropneumonia,,Africa,Western Africa,Benin,Atlantique,Abomey,6.521739,2.325246,WOAH (former OIE),Confirmed,Domestic - cattle,Domestic - Cattle,31/01/2012,31/01/2012,,
183285,UNFAO-LEG-183285,Contagious bovine pleuropneumonia,,Africa,Western Africa,Benin,Zou,DJIDJA,7.401985,1.976259,WOAH (former OIE),Confirmed,Domestic - cattle,Domestic - Cattle,31/01/2012,31/01/2012,,
183300,UNFAO-LEG-183300,Contagious bovine pleuropneumonia,,Africa,Western Africa,Burkina Faso,Centre-est,BOULGOU,11.46103,-0.379074,WOAH (former OIE),Confirmed,Domestic - cattle,Domestic - Cattle,31/01/2012,31/01/2012,,
183301,UNFAO-LEG-183301,Contagious bovine pleuropneumonia,,Africa,Western Africa,Burkina Faso,Sahel,OUDALAN,14.623802,-0.320905,WOAH (former OIE),Confirmed,Domestic - cattle,Domestic - Cattle,31/01/2012,31/01/2012,,
183343,UNFAO-LEG-183343,Contagious bovine pleuropneumonia,,Africa,Western Africa,Nigeria,Gombe,GOMBE,10.455729,11.251402,WOAH (former OIE),Confirmed,Domestic - cattle,Domestic - Cattle,31/01/2012,31/01/2012,,
183353,UNFAO-LEG-183353,Contagious bovine pleuropneumonia,,Africa,Western Africa,Togo,Centrale,RéGION CENTRALE,8.597867,1.050071,WOAH (former OIE),Confirmed,Domestic - cattle,Domestic - Cattle,31/01/2012,31/01/2012,,
183354,UNFAO-LEG-183354,Contagious bovine pleuropneumonia,,Africa,Western Africa,Togo,Savanes,REGION DES SAVANES,10.50292,0.465589,WOAH (former OIE),Confirmed,Domestic - cattle,Domestic - Cattle,31/01/2012,31/01/2012,,
161862,UNFAO-LEG-161862,Contagious bovine pleuropneumonia,,Africa,Eastern Africa,Uganda,Nebbi,Nebbi,2.465616,31.278756,Media,Suspected,Domestic - cattle,Domestic - Cattle,31/01/2011,11/04/2011,,
157972,UNFAO-LEG-157972,Contagious bovine pleuropneumonia,,Africa,Middle Africa,Gabon,Nyanga,Ranch Nyanga ,-3.1371,10.9937,WOAH (former OIE),Confirmed,Domestic - cattle,Domestic - Cattle,08/12/2010,20/01/2011,,
157625,UNFAO-LEG-157625,Contagious bovine pleuropneumonia,,Africa,Middle Africa,Gabon,Nyanga,Ranch Nyanga ,-3.1215,10.9937,FAO Field Officer,Confirmed,Domestic - cattle,Domestic - Cattle,05/12/2010,21/12/2010,,
157971,UNFAO-LEG-157971,Contagious bovine pleuropneumonia,,Africa,Middle Africa,Gabon,Nyanga,Ranch Nyanga ,-3.1527,11.0873,WOAH (former OIE),Confirmed,Domestic - cattle,Domestic - Cattle,05/12/2010,20/01/2011,,
157411,UNFAO-LEG-157411,Contagious bovine pleuropneumonia,,Africa,Middle Africa,Angola,Huambo,Cuima Commune,-13.250628,15.509988,Media,Suspected,Domestic - cattle,Domestic - Cattle,30/11/2010,02/12/2010,,
156501,UNFAO-LEG-156501,Contagious bovine pleuropneumonia,,Africa,Middle Africa,Congo,Cuvette,Ngolodoua Village,-1.3609,16.3865,WOAH (former OIE),Confirmed,Domestic - cattle,Domestic - Cattle,20/06/2010,20/09/2010,,
155082,UNFAO-LEG-155082,Contagious bovine pleuropneumonia,,Africa,Eastern Africa,Uganda,Pader,Amuru District (centroid),2.889636,32.896191,Media,Suspected,Domestic - cattle,Domestic - Cattle,17/12/2009,17/12/2009,,
127745,UNFAO-LEG-127745,Contagious bovine pleuropneumonia,,Africa,Middle Africa,Central African Republic,Haute-Kotto,Bria,6.5806951,21.9491746,WOAH (former OIE),Confirmed,Domestic - cattle,Domestic - Cattle,17/06/2007,03/09/2007,,
127773,UNFAO-LEG-127773,Contagious bovine pleuropneumonia,,Africa,Eastern Africa,Zambia,Western,Sesheke district,-17.4666667,24.3,Media,Suspected,Domestic - cattle,Domestic - Cattle,14/12/2006,14/12/2006,,
182894,UNFAO-LEG-182894,Contagious bovine pleuropneumonia,,Africa,Western Africa,Mauritania,Assaba,Kiffa,16.690592,-11.342519,WOAH (former OIE),Confirmed,Domestic - cattle,Domestic - Cattle,30/09/2005,31/12/2005,,
182693,UNFAO-LEG-182693,Contagious bovine pleuropneumonia,,Africa,Western Africa,Mauritania,Guidimakha,Selibaby,15.241617,-12.287766,WOAH (former OIE),Confirmed,Domestic - sheep,Domestic - Sheep,31/01/2005,30/06/2005,,
182893,UNFAO-LEG-182893,Contagious bovine pleuropneumonia,,Africa,Western Africa,Mauritania,Hodh El Gharbi,Kobenni,15.87596,-9.443454,WOAH (former OIE),Confirmed,Domestic - cattle,Domestic - Cattle,31/01/2005,30/06/2005,,
127763,UNFAO-LEG-127763,Contagious bovine pleuropneumonia,,Africa,Western Africa,Nigeria,Kebbi,Kebbi State,11.5,4,Media,Suspected,Domestic - cattle,Domestic - Cattle,20/11/2004,20/11/2004,,
127774,UNFAO-LEG-127774,Contagious bovine pleuropneumonia,,Africa,Western Africa,Nigeria,Osun,Arewa LGA,7.3833333,4.4500001,Media,Suspected,Domestic - cattle,Domestic - Cattle,20/11/2004,20/11/2004,,
127775,UNFAO-LEG-127775,Contagious bovine pleuropneumonia,,Africa,Western Africa,Nigeria,Kebbi,Augie LGA,12.9005556,4.6058333,Media,Suspected,Domestic - cattle,Domestic - Cattle,20/11/2004,20/11/2004,,
127776,UNFAO-LEG-127776,Contagious bovine pleuropneumonia,,Africa,Western Africa,Nigeria,Kebbi,Augi State,12.9005556,4.6058333,Media,Suspected,Domestic - cattle,Domestic - Cattle,20/11/2004,20/11/2004,,
127777,UNFAO-LEG-127777,Contagious bovine pleuropneumonia,,Africa,Western Africa,Nigeria,Kebbi,Koko/Besse LGA,11.4227778,4.5169444,Media,Suspected,Domestic - cattle,Domestic - Cattle,20/11/2004,20/11/2004,,
127778,UNFAO-LEG-127778,Contagious bovine pleuropneumonia,,Africa,Western Africa,Nigeria,Kebbi,Koko Besse State,11.4227778,4.5169444,Media,Suspected,Domestic - cattle,Domestic - Cattle,20/11/2004,20/11/2004,,
127779,UNFAO-LEG-127779,Contagious bovine pleuropneumonia,,Africa,Western Africa,Nigeria,Kebbi,Shanga LGA,11.1958333,4.5675,Media,Suspected,Domestic - cattle,Domestic - Cattle,20/11/2004,20/11/2004,,
127780,UNFAO-LEG-127780,Contagious bovine pleuropneumonia,,Africa,Western Africa,Nigeria,Kebbi,Shanga State,11.1958333,4.5675,Media,Suspected,Domestic - cattle,Domestic - Cattle,20/11/2004,20/11/2004,,
127781,UNFAO-LEG-127781,Contagious bovine pleuropneumonia,,Africa,Western Africa,Nigeria,Kebbi,Bunza State,12.0844444,4.0211111,Media,Suspected,Domestic - cattle,Domestic - Cattle,20/11/2004,20/11/2004,,
127782,UNFAO-LEG-127782,Contagious bovine pleuropneumonia,,Africa,Western Africa,Nigeria,Kebbi,Bunza State,12.0844444,4.0211111,Media,Suspected,Domestic - cattle,Domestic - Cattle,20/11/2004,20/11/2004,,
127783,UNFAO-LEG-127783,Contagious bovine pleuropneumonia,,Africa,Western Africa,Nigeria,Kebbi,Bunza LGA,12.0844444,4.0211111,Media,Suspected,Domestic - cattle,Domestic - Cattle,20/11/2004,20/11/2004,,
127784,UNFAO-LEG-127784,Contagious bovine pleuropneumonia,,Africa,Western Africa,Nigeria,Kebbi,Bagudo LGA,11.4072222,4.2330556,Media,Suspected,Domestic - cattle,Domestic - Cattle,20/11/2004,20/11/2004,,
127785,UNFAO-LEG-127785,Contagious bovine pleuropneumonia,,Africa,Western Africa,Nigeria,Kebbi,Bagudo State,11.4072222,4.2330556,Media,Suspected,Domestic - cattle,Domestic - Cattle,20/11/2004,20/11/2004,,
127762,UNFAO-LEG-127762,Contagious bovine pleuropneumonia,,Africa,Middle Africa,Democratic Republic of the Congo,Orientale,Ituri,1.85,29.9666667,National authorities,Suspected,Domestic - cattle,Domestic - Cattle,18/05/2004,15/06/2004,,
5268,UNFAO-LEG-5268,Contagious bovine pleuropneumonia,,Africa,Eastern Africa,Zambia,Southern,Nguba village ,-17.08333,25.98333,Other,Suspected,Domestic - cattle,Domestic - Cattle,12/05/2004,12/05/2004,,
186933,UNFAO-LEG-186933,Contagious bovine pleuropneumonia,,Africa,Eastern Africa,Ethiopia,Tigray,Tigray Region,13.574394,39.156154,National authorities,Confirmed,Domestic - cattle,Domestic - Cattle,31/12/2003,24/11/2011,,
186935,UNFAO-LEG-186935,Contagious bovine pleuropneumonia,,Africa,Eastern Africa,Ethiopia,Amhara,Amhara Region,11.236596,38.322959,National authorities,Confirmed,Domestic - cattle,Domestic - Cattle,31/12/2003,24/11/2011,,
186936,UNFAO-LEG-186936,Contagious bovine pleuropneumonia,,Africa,Eastern Africa,Ethiopia,Oromia,Oromia Region,6.949939,40.414319,National authorities,Confirmed,Domestic - cattle,Domestic - Cattle,31/12/2003,24/11/2011,,
186937,UNFAO-LEG-186937,Contagious bovine pleuropneumonia,,Africa,Eastern Africa,Ethiopia,SNNPR,Southern Nations  Nationalities and People's Region,6.447051,36.490957,National authorities,Confirmed,Domestic - cattle,Domestic - Cattle,31/12/2003,24/11/2011,,
186938,UNFAO-LEG-186938,Contagious bovine pleuropneumonia,,Africa,Middle Africa,Chad,Baguirmi,unknown,11.1475,16.366137,National authorities,Confirmed,Domestic - cattle,Domestic - Cattle,31/12/2003,24/11/2011,,
186939,UNFAO-LEG-186939,Contagious bovine pleuropneumonia,,Africa,Middle Africa,Chad,Guera,Guera,11.437,18.104535,National authorities,Confirmed,Domestic - cattle,Domestic - Cattle,31/12/2003,24/11/2011,,
186940,UNFAO-LEG-186940,Contagious bovine pleuropneumonia,,Africa,Middle Africa,Chad,Barh Koh,Barh Koh,9.257217,18.200351,National authorities,Confirmed,Domestic - cattle,Domestic - Cattle,31/12/2003,24/11/2011,,
186941,UNFAO-LEG-186941,Contagious bovine pleuropneumonia,,Africa,Western Africa,Niger,Tillaberi,Tillaberi,13.79669,1.869569,National authorities,Confirmed,Domestic - cattle,Domestic - Cattle,31/12/2003,24/11/2011,,
186942,UNFAO-LEG-186942,Contagious bovine pleuropneumonia,,Africa,Western Africa,Nigeria,Kebbi,Kebbi State,11.66351,4.057572,National authorities,Confirmed,Domestic - cattle,Domestic - Cattle,31/12/2003,24/11/2011,,
186943,UNFAO-LEG-186943,Contagious bovine pleuropneumonia,,Africa,Western Africa,Mali,Kayes,Kayes Région,13.791623,-10.229619,National authorities,Confirmed,Domestic - cattle,Domestic - Cattle,31/12/2003,24/11/2011,,
186944,UNFAO-LEG-186944,Contagious bovine pleuropneumonia,,Africa,Western Africa,Mali,Koulikoro,Koulikoro Région,13.47052,-7.61525,National authorities,Confirmed,Domestic - cattle,Domestic - Cattle,31/12/2003,24/11/2011,,
186945,UNFAO-LEG-186945,Contagious bovine pleuropneumonia,,Africa,Western Africa,Mali,Sikasso,Sikasso Région,11.487399,-6.865741,National authorities,Confirmed,Domestic - cattle,Domestic - Cattle,31/12/2003,24/11/2011,,
186946,UNFAO-LEG-186946,Contagious bovine pleuropneumonia,,Africa,Western Africa,Mali,Segou,Segou Région,14.051316,-6.002882,National authorities,Confirmed,Domestic - cattle,Domestic - Cattle,31/12/2003,24/11/2011,,
186947,UNFAO-LEG-186947,Contagious bovine pleuropneumonia,,Africa,Western Africa,Mali,Mopti,Mopti Région,14.518633,-3.651373,National authorities,Confirmed,Domestic - cattle,Domestic - Cattle,31/12/2003,24/11/2011,,
186948,UNFAO-LEG-186948,Contagious bovine pleuropneumonia,,Africa,Western Africa,Burkina Faso,Cascades,Cascades Région,10.307584,-4.447244,National authorities,Confirmed,Domestic - cattle,Domestic - Cattle,31/12/2003,24/11/2011,,
186949,UNFAO-LEG-186949,Contagious bovine pleuropneumonia,,Africa,Western Africa,Burkina Faso,Boucle Du Mouhoun,Boucle Du Mouhoun Région,12.477708,-3.594384,National authorities,Confirmed,Domestic - cattle,Domestic - Cattle,31/12/2003,24/11/2011,,
186950,UNFAO-LEG-186950,Contagious bovine pleuropneumonia,,Africa,Western Africa,Burkina Faso,Nord,Nord Région,13.457757,-2.253751,National authorities,Confirmed,Domestic - cattle,Domestic - Cattle,31/12/2003,24/11/2011,,
186951,UNFAO-LEG-186951,Contagious bovine pleuropneumonia,,Africa,Western Africa,Burkina Faso,Sud-ouest,Sud-ouest Région,10.385386,-3.285414,National authorities,Confirmed,Domestic - cattle,Domestic - Cattle,31/12/2003,24/11/2011,,
186952,UNFAO-LEG-186952,Contagious bovine pleuropneumonia,,Africa,Western Africa,Côte d'Ivoire,Savanes,Savanes Région,9.638493,-5.599591,National authorities,Confirmed,Domestic - cattle,Domestic - Cattle,31/12/2003,24/11/2011,,
186953,UNFAO-LEG-186953,Contagious bovine pleuropneumonia,,Africa,Western Africa,Ghana,Upper West,Upper West Region,10.331634,-2.215597,National authorities,Confirmed,Domestic - cattle,Domestic - Cattle,31/12/2003,24/11/2011,,
186954,UNFAO-LEG-186954,Contagious bovine pleuropneumonia,,Africa,Western Africa,Ghana,Northern,Northern Region,9.348459,-1.074498,National authorities,Confirmed,Domestic - cattle,Domestic - Cattle,31/12/2003,24/11/2011,,
186955,UNFAO-LEG-186955,Contagious bovine pleuropneumonia,,Africa,Western Africa,Ghana,Brong Ahafo,Brong Ahafo Region,7.568176,-2.179943,National authorities,Confirmed,Domestic - cattle,Domestic - Cattle,31/12/2003,24/11/2011,,
186956,UNFAO-LEG-186956,Contagious bovine pleuropneumonia,,Africa,Western Africa,Ghana,Ashanti,Ashanti Region,6.737251,-1.628409,National authorities,Confirmed,Domestic - cattle,Domestic - Cattle,31/12/2003,24/11/2011,,
186957,UNFAO-LEG-186957,Contagious bovine pleuropneumonia,,Africa,Western Africa,Ghana,Eastern,Eastern Region,6.454135,-0.411821,National authorities,Confirmed,Domestic - cattle,Domestic - Cattle,31/12/2003,24/11/2011,,
186958,UNFAO-LEG-186958,Contagious bovine pleuropneumonia,,Africa,Western Africa,Ghana,Greater Accra,Greater Accra Region,5.788364,0.116247,National authorities,Confirmed,Domestic - cattle,Domestic - Cattle,31/12/2003,24/11/2011,,
186959,UNFAO-LEG-186959,Contagious bovine pleuropneumonia,,Africa,Western Africa,Ghana,Volta,Volta Region,7.27071,0.422746,National authorities,Confirmed,Domestic - cattle,Domestic - Cattle,31/12/2003,24/11/2011,,
186960,UNFAO-LEG-186960,Contagious bovine pleuropneumonia,,Africa,Western Africa,Benin,Zou,Zou Department,7.286212,2.124994,National authorities,Confirmed,Domestic - cattle,Domestic - Cattle,31/12/2003,24/11/2011,,
186961,UNFAO-LEG-186961,Contagious bovine pleuropneumonia,,Africa,Western Africa,Togo,Savanes,Savanes Région,10.50292,0.465589,National authorities,Confirmed,Domestic - cattle,Domestic - Cattle,31/12/2003,24/11/2011,,
186962,UNFAO-LEG-186962,Contagious bovine pleuropneumonia,,Africa,Western Africa,Togo,Kara,Kara Région,9.528348,0.795393,National authorities,Confirmed,Domestic - cattle,Domestic - Cattle,31/12/2003,24/11/2011,,
186963,UNFAO-LEG-186963,Contagious bovine pleuropneumonia,,Africa,Western Africa,Togo,Centrale,Centrale Région,8.597867,1.050071,National authorities,Confirmed,Domestic - cattle,Domestic - Cattle,31/12/2003,24/11/2011,,
186964,UNFAO-LEG-186964,Contagious bovine pleuropneumonia,,Africa,Western Africa,Togo,Plateaux,Plateaux Région,7.452073,1.08669,National authorities,Confirmed,Domestic - cattle,Domestic - Cattle,31/12/2003,24/11/2011,,
186965,UNFAO-LEG-186965,Contagious bovine pleuropneumonia,,Africa,Western Africa,Togo,Maritime,Maritime Région,6.511335,1.206708,National authorities,Confirmed,Domestic - cattle,Domestic - Cattle,31/12/2003,24/11/2011,,
186966,UNFAO-LEG-186966,Contagious bovine pleuropneumonia,,Africa,Southern Africa,Namibia,Kavango,Kavango Region,-18.277339,19.802777,National authorities,Confirmed,Domestic - cattle,Domestic - Cattle,31/12/2003,24/11/2011,,
186968,UNFAO-LEG-186968,Contagious bovine pleuropneumonia,,Africa,Southern Africa,Namibia,Otjozondjupa,Otjozondjupa Region,-20.566195,17.177243,National authorities,Confirmed,Domestic - cattle,Domestic - Cattle,31/12/2003,24/11/2011,,
186969,UNFAO-LEG-186969,Contagious bovine pleuropneumonia,,Africa,Middle Africa,Angola,Bengo,unknown,-9.026006,13.931734,National authorities,Confirmed,Domestic - cattle,Domestic - Cattle,31/12/2003,24/11/2011,,
186970,UNFAO-LEG-186970,Contagious bovine pleuropneumonia,,Africa,Middle Africa,Angola,Cuando Cubango,unknown,-15.80257,19.466248,National authorities,Confirmed,Domestic - cattle,Domestic - Cattle,31/12/2003,24/11/2011,,
186971,UNFAO-LEG-186971,Contagious bovine pleuropneumonia,,Africa,Middle Africa,Angola,Cunene,unknown,-16.291877,15.600079,National authorities,Confirmed,Domestic - cattle,Domestic - Cattle,31/12/2003,24/11/2011,,
186972,UNFAO-LEG-186972,Contagious bovine pleuropneumonia,,Africa,Middle Africa,Angola,Benguela,unknown,-12.817898,13.89827,National authorities,Confirmed,Domestic - cattle,Domestic - Cattle,31/12/2003,24/11/2011,,
186973,UNFAO-LEG-186973,Contagious bovine pleuropneumonia,,Africa,Middle Africa,Angola,Namibe,unknown,-15.392526,12.728565,National authorities,Confirmed,Domestic - cattle,Domestic - Cattle,31/12/2003,24/11/2011,,
186974,UNFAO-LEG-186974,Contagious bovine pleuropneumonia,,Africa,Middle Africa,Angola,Huila,unknown,-14.851598,15.006338,National authorities,Confirmed,Domestic - cattle,Domestic - Cattle,31/12/2003,24/11/2011,,
186975,UNFAO-LEG-186975,Contagious bovine pleuropneumonia,,Africa,Eastern Africa,United Republic of Tanzania,Pwani,Pwani Region,-7.178958,38.921367,National authorities,Confirmed,Domestic - cattle,Domestic - Cattle,31/12/2003,24/11/2011,,
186976,UNFAO-LEG-186976,Contagious bovine pleuropneumonia,,Africa,Eastern Africa,United Republic of Tanzania,Tanga,Tanga Region,-5.066271,38.292174,National authorities,Confirmed,Domestic - cattle,Domestic - Cattle,31/12/2003,24/11/2011,,
186977,UNFAO-LEG-186977,Contagious bovine pleuropneumonia,,Africa,Eastern Africa,United Republic of Tanzania,Kilimanjaro,Kilimanjaro Region,-3.733594,37.644803,National authorities,Confirmed,Domestic - cattle,Domestic - Cattle,31/12/2003,24/11/2011,,
186978,UNFAO-LEG-186978,Contagious bovine pleuropneumonia,,Africa,Eastern Africa,United Republic of Tanzania,Arusha,Arusha Region,-2.91919,36.098449,National authorities,Confirmed,Domestic - cattle,Domestic - Cattle,31/12/2003,24/11/2011,,
186979,UNFAO-LEG-186979,Contagious bovine pleuropneumonia,,Africa,Eastern Africa,United Republic of Tanzania,Singida,Singida Region,-5.670856,34.697061,National authorities,Confirmed,Domestic - cattle,Domestic - Cattle,31/12/2003,24/11/2011,,
186980,UNFAO-LEG-186980,Contagious bovine pleuropneumonia,,Africa,Eastern Africa,United Republic of Tanzania,Dodoma,Dodoma Region,-5.847042,35.959743,National authorities,Confirmed,Domestic - cattle,Domestic - Cattle,31/12/2003,24/11/2011,,
186981,UNFAO-LEG-186981,Contagious bovine pleuropneumonia,,Africa,Eastern Africa,United Republic of Tanzania,Tabora,unknown,-5.428753,32.692682,National authorities,Confirmed,Domestic - cattle,Domestic - Cattle,31/12/2003,24/11/2011,,
186982,UNFAO-LEG-186982,Contagious bovine pleuropneumonia,,Africa,Eastern Africa,United Republic of Tanzania,Mwanza,Mwanza Region,-2.454894,32.713114,National authorities,Confirmed,Domestic - cattle,Domestic - Cattle,31/12/2003,24/11/2011,,
186983,UNFAO-LEG-186983,Contagious bovine pleuropneumonia,,Africa,Eastern Africa,United Republic of Tanzania,Kagera,Kagera Region,-2.175076,31.331091,National authorities,Confirmed,Domestic - cattle,Domestic - Cattle,31/12/2003,24/11/2011,,
186984,UNFAO-LEG-186984,Contagious bovine pleuropneumonia,,Africa,Eastern Africa,Kenya,North Eastern,North Eastern Province,1.119148,40.203942,National authorities,Confirmed,Domestic - cattle,Domestic - Cattle,31/12/2003,24/11/2011,,
186985,UNFAO-LEG-186985,Contagious bovine pleuropneumonia,,Africa,Eastern Africa,Kenya,Coast,Coast Province,-2.34653,39.785631,National authorities,Confirmed,Domestic - cattle,Domestic - Cattle,31/12/2003,24/11/2011,,
186986,UNFAO-LEG-186986,Contagious bovine pleuropneumonia,,Africa,Eastern Africa,Kenya,Eastern,Eastern Province,0.693632,38.475119,National authorities,Confirmed,Domestic - cattle,Domestic - Cattle,31/12/2003,24/11/2011,,
186987,UNFAO-LEG-186987,Contagious bovine pleuropneumonia,,Africa,Eastern Africa,Kenya,Rift Valley,Rift Valley Province,0.717646,36.039262,National authorities,Confirmed,Domestic - cattle,Domestic - Cattle,31/12/2003,24/11/2011,,
186988,UNFAO-LEG-186988,Contagious bovine pleuropneumonia,,Africa,Eastern Africa,Kenya,Nairobi,Nairobi Province,-1.30022,36.830091,National authorities,Confirmed,Domestic - cattle,Domestic - Cattle,31/12/2003,24/11/2011,,
186989,UNFAO-LEG-186989,Contagious bovine pleuropneumonia,,Africa,Eastern Africa,Uganda,Kaabong,unknown,3.648663,34.016699,National authorities,Confirmed,Domestic - cattle,Domestic - Cattle,31/12/2003,24/11/2011,,
186990,UNFAO-LEG-186990,Contagious bovine pleuropneumonia,,Africa,Eastern Africa,Uganda,Pader,unknown,2.889636,32.896191,National authorities,Confirmed,Domestic - cattle,Domestic - Cattle,31/12/2003,24/11/2011,,
186991,UNFAO-LEG-186991,Contagious bovine pleuropneumonia,,Africa,Eastern Africa,Uganda,Amuru,unknown,2.816667,31.95,National authorities,Confirmed,Domestic - cattle,Domestic - Cattle,31/12/2003,24/11/2011,,
186992,UNFAO-LEG-186992,Contagious bovine pleuropneumonia,,Africa,Eastern Africa,Uganda,Moyo,unknown,3.4912,31.588455,National authorities,Confirmed,Domestic - cattle,Domestic - Cattle,31/12/2003,24/11/2011,,
186993,UNFAO-LEG-186993,Contagious bovine pleuropneumonia,,Africa,Eastern Africa,Uganda,Arua,unknown,2.949892,31.127812,National authorities,Confirmed,Domestic - cattle,Domestic - Cattle,31/12/2003,24/11/2011,,
186994,UNFAO-LEG-186994,Contagious bovine pleuropneumonia,,Africa,Eastern Africa,Uganda,Nebbi,unknown,2.465616,31.278756,National authorities,Confirmed,Domestic - cattle,Domestic - Cattle,31/12/2003,24/11/2011,,
186995,UNFAO-LEG-186995,Contagious bovine pleuropneumonia,,Africa,Eastern Africa,Uganda,Masindi,unknown,1.815628,31.737751,National authorities,Confirmed,Domestic - cattle,Domestic - Cattle,31/12/2003,24/11/2011,,
186996,UNFAO-LEG-186996,Contagious bovine pleuropneumonia,,Africa,Eastern Africa,Uganda,Ntoroko,unknown,1.05,30.535,National authorities,Confirmed,Domestic - cattle,Domestic - Cattle,31/12/2003,24/11/2011,,
186997,UNFAO-LEG-186997,Contagious bovine pleuropneumonia,,Africa,Eastern Africa,Uganda,Kiruhura,unknown,-0.249316,30.843991,National authorities,Confirmed,Domestic - cattle,Domestic - Cattle,31/12/2003,24/11/2011,,
186998,UNFAO-LEG-186998,Contagious bovine pleuropneumonia,,Africa,Eastern Africa,Uganda,Ssembabule,unknown,-0.05258,31.408869,National authorities,Confirmed,Domestic - cattle,Domestic - Cattle,31/12/2003,24/11/2011,,
186999,UNFAO-LEG-186999,Contagious bovine pleuropneumonia,,Africa,Eastern Africa,Uganda,Gomba,unknown,0.205453,31.736722,National authorities,Confirmed,Domestic - cattle,Domestic - Cattle,31/12/2003,24/11/2011,,
187000,UNFAO-LEG-187000,Contagious bovine pleuropneumonia,,Africa,Eastern Africa,Uganda,Napak,unknown,2.398102,34.171042,National authorities,Confirmed,Domestic - cattle,Domestic - Cattle,31/12/2003,24/11/2011,,
187001,UNFAO-LEG-187001,Contagious bovine pleuropneumonia,,Africa,Eastern Africa,Uganda,Nakapiripirit,unknown,1.995319,34.629954,National authorities,Confirmed,Domestic - cattle,Domestic - Cattle,31/12/2003,24/11/2011,,
187002,UNFAO-LEG-187002,Contagious bovine pleuropneumonia,,Africa,Eastern Africa,Uganda,Amuria,unknown,2.068686,33.620724,National authorities,Confirmed,Domestic - cattle,Domestic - Cattle,31/12/2003,24/11/2011,,
187003,UNFAO-LEG-187003,Contagious bovine pleuropneumonia,,Africa,Eastern Africa,Uganda,Alebtong,unknown,2.269495,33.321205,National authorities,Confirmed,Domestic - cattle,Domestic - Cattle,31/12/2003,24/11/2011,,
187004,UNFAO-LEG-187004,Contagious bovine pleuropneumonia,,Africa,Eastern Africa,Uganda,Kaberamaido,unknown,1.760115,33.25319,National authorities,Confirmed,Domestic - cattle,Domestic - Cattle,31/12/2003,24/11/2011,,
187005,UNFAO-LEG-187005,Contagious bovine pleuropneumonia,,Africa,Eastern Africa,Uganda,Tororo,unknown,0.735863,34.104422,National authorities,Confirmed,Domestic - cattle,Domestic - Cattle,31/12/2003,24/11/2011,,
187006,UNFAO-LEG-187006,Contagious bovine pleuropneumonia,,Africa,Eastern Africa,Uganda,Busia,unknown,0.392847,34.014278,National authorities,Confirmed,Domestic - cattle,Domestic - Cattle,31/12/2003,24/11/2011,,
187007,UNFAO-LEG-187007,Contagious bovine pleuropneumonia,,Africa,Eastern Africa,Uganda,Jinja,unknown,0.546284,33.228051,National authorities,Confirmed,Domestic - cattle,Domestic - Cattle,31/12/2003,24/11/2011,,
187008,UNFAO-LEG-187008,Contagious bovine pleuropneumonia,,Africa,Eastern Africa,Uganda,Kayunga,unknown,0.99219,32.859335,National authorities,Confirmed,Domestic - cattle,Domestic - Cattle,31/12/2003,24/11/2011,,
187009,UNFAO-LEG-187009,Contagious bovine pleuropneumonia,,Africa,Eastern Africa,Uganda,Nakasongola,unknown,1.320181,32.48941,National authorities,Confirmed,Domestic - cattle,Domestic - Cattle,31/12/2003,24/11/2011,,
187010,UNFAO-LEG-187010,Contagious bovine pleuropneumonia,,Africa,Eastern Africa,Uganda,Nakaseke,unknown,1.003018,32.175894,National authorities,Confirmed,Domestic - cattle,Domestic - Cattle,31/12/2003,24/11/2011,,
182898,UNFAO-LEG-182898,Contagious bovine pleuropneumonia,,Africa,Western Africa,Mauritania,Hodh El Gharbi,Hodh El Gharbi,16.540221,-9.750448,WOAH (former OIE),Confirmed,Domestic - cattle,Domestic - Cattle,31/12/2002,16/02/2014,,
127761,UNFAO-LEG-127761,Contagious bovine pleuropneumonia,,Africa,Eastern Africa,Eritrea,Maekel,Asmara,15.3333333,38.9333333,WOAH (former OIE),Confirmed,Domestic - cattle,Domestic - Cattle,03/12/2002,11/04/2003,,
127760,UNFAO-LEG-127760,Contagious bovine pleuropneumonia,,Africa,Eastern Africa,Zambia,Western,Yuka,-14.9666667,22.6166667,Media,Suspected,Domestic - cattle,Domestic - Cattle,13/07/2001,13/07/2001,,
186253,UNFAO-LEG-186253,Contagious bovine pleuropneumonia,,Africa,Southern Africa,Namibia,Kavango,Rundu,-17.916667,19.766667,WOAH (former OIE),Confirmed,Domestic - cattle,Domestic - Cattle,31/03/2001,30/04/2001,,
186239,UNFAO-LEG-186239,Contagious bovine pleuropneumonia,,Africa,Western Africa,Guinea,Mamou,unknown,10.383333,-12.083333,WOAH (former OIE),Confirmed,Domestic - cattle,Domestic - Cattle,28/02/2001,30/04/2001,,
186250,UNFAO-LEG-186250,Contagious bovine pleuropneumonia,,Africa,Eastern Africa,Kenya,Rift Valley,Kajiado County,-2,36.8667,WOAH (former OIE),Confirmed,Domestic - cattle,Domestic - Cattle,28/02/2001,30/04/2001,,
186252,UNFAO-LEG-186252,Contagious bovine pleuropneumonia,,Africa,Western Africa,Mali,Koulikoro,Kolokani Cercle,13.75,-8.166667,WOAH (former OIE),Confirmed,Domestic - cattle,Domestic - Cattle,28/02/2001,30/04/2001,,
186246,UNFAO-LEG-186246,Contagious bovine pleuropneumonia,,Africa,Eastern Africa,Kenya,Rift Valley,Kajiado County,-2,36.8667,WOAH (former OIE),Confirmed,Domestic - cattle,Domestic - Cattle,31/01/2001,30/04/2001,,
186249,UNFAO-LEG-186249,Contagious bovine pleuropneumonia,,Africa,Eastern Africa,Kenya,Rift Valley,Narok County,-1.25,35.616667,WOAH (former OIE),Confirmed,Domestic - cattle,Domestic - Cattle,31/01/2001,30/04/2001,,
186251,UNFAO-LEG-186251,Contagious bovine pleuropneumonia,,Africa,Western Africa,Mali,Segou,Macina Cercle,13.961111,-5.358333,WOAH (former OIE),Confirmed,Domestic - cattle,Domestic - Cattle,31/12/2000,30/04/2001,,
187048,UNFAO-LEG-187048,Contagious bovine pleuropneumonia,,Africa,Middle Africa,Angola,Namibe,unknown,-15.392526,12.728565,WOAH (former OIE),Confirmed,Domestic - cattle,Domestic - Cattle,31/12/2000,28/02/2001,,
187049,UNFAO-LEG-187049,Contagious bovine pleuropneumonia,,Africa,Eastern Africa,Ethiopia,Afar,unknown,10.460046,40.26588,WOAH (former OIE),Confirmed,Domestic - cattle,Domestic - Cattle,31/12/2000,28/02/2001,,
188882,UNFAO-LEG-188882,Contagious bovine pleuropneumonia,,Africa,Eastern Africa,United Republic of Tanzania,Mwanza,unknown,-2.018612182,32.7530223,National authorities,Confirmed,Domestic - cattle,Domestic - Cattle,31/12/2000,24/11/2011,,
188883,UNFAO-LEG-188883,Contagious bovine pleuropneumonia,,Africa,Eastern Africa,United Republic of Tanzania,Mbeya,unknown,-8.974127,32.951618,National authorities,Confirmed,Domestic - cattle,Domestic - Cattle,31/12/2000,24/11/2011,,
188884,UNFAO-LEG-188884,Contagious bovine pleuropneumonia,,Africa,Eastern Africa,United Republic of Tanzania,Mbeya,unknown,-7.807924,33.051463,National authorities,Confirmed,Domestic - cattle,Domestic - Cattle,31/12/2000,24/11/2011,,
188888,UNFAO-LEG-188888,Contagious bovine pleuropneumonia,,Africa,Middle Africa,Chad,Baguirmi,unknown,11.1475,16.366137,National authorities,Confirmed,Domestic - cattle,Domestic - Cattle,31/12/2000,28/02/2002,,
188841,UNFAO-LEG-188841,Contagious bovine pleuropneumonia,,Africa,Middle Africa,Angola,Namibe,unknown,-15.392526,12.728565,WOAH (former OIE),Confirmed,Domestic - cattle,Domestic - Cattle,30/11/2000,28/02/2001,,
188881,UNFAO-LEG-188881,Contagious bovine pleuropneumonia,,Africa,Eastern Africa,United Republic of Tanzania,Tabora,unknown,-6.089717,33.072276,National authorities,Confirmed,Domestic - cattle,Domestic - Cattle,30/11/2000,24/11/2011,,
188885,UNFAO-LEG-188885,Contagious bovine pleuropneumonia,,Africa,Eastern Africa,United Republic of Tanzania,Arusha,unknown,-2.656459,35.545158,National authorities,Confirmed,Domestic - cattle,Domestic - Cattle,30/11/2000,24/11/2011,,
188887,UNFAO-LEG-188887,Contagious bovine pleuropneumonia,,Africa,Middle Africa,Chad,Baguirmi,unknown,11.1475,16.366137,National authorities,Confirmed,Domestic - cattle,Domestic - Cattle,30/11/2000,28/02/2002,,
188886,UNFAO-LEG-188886,Contagious bovine pleuropneumonia,,Africa,Middle Africa,Chad,Baguirmi,unknown,11.1475,16.366137,National authorities,Confirmed,Domestic - cattle,Domestic - Cattle,31/10/2000,28/02/2002,,
188842,UNFAO-LEG-188842,Contagious bovine pleuropneumonia,,Africa,Middle Africa,Angola,Namibe,unknown,-15.392526,12.728565,WOAH (former OIE),Confirmed,Domestic - cattle,Domestic - Cattle,30/10/2000,28/02/2001,,
188843,UNFAO-LEG-188843,Contagious bovine pleuropneumonia,,Africa,Middle Africa,Angola,Namibe,unknown,-15.392526,12.728565,WOAH (former OIE),Confirmed,Domestic - cattle,Domestic - Cattle,30/09/2000,28/02/2001,,
188879,UNFAO-LEG-188879,Contagious bovine pleuropneumonia,,Africa,Eastern Africa,Uganda,Kabale,unknown,-1.233307,30.015814,WOAH (former OIE),Confirmed,Domestic - cattle,Domestic - Cattle,30/09/2000,28/02/2001,,
188880,UNFAO-LEG-188880,Contagious bovine pleuropneumonia,,Africa,Eastern Africa,Uganda,Kotido,unknown,2.992057,34.033704,WOAH (former OIE),Confirmed,Domestic - cattle,Domestic - Cattle,30/09/2000,28/02/2001,,
188876,UNFAO-LEG-188876,Contagious bovine pleuropneumonia,,Africa,Eastern Africa,Uganda,Katakwi,unknown,1.973512,34.056743,WOAH (former OIE),Confirmed,Domestic - cattle,Domestic - Cattle,31/08/2000,28/02/2001,,
188877,UNFAO-LEG-188877,Contagious bovine pleuropneumonia,,Africa,Eastern Africa,Uganda,Kotido,unknown,2.992057,34.033704,WOAH (former OIE),Confirmed,Domestic - cattle,Domestic - Cattle,31/08/2000,28/02/2001,,
188878,UNFAO-LEG-188878,Contagious bovine pleuropneumonia,,Africa,Eastern Africa,Uganda,Napak,unknown,2.398102,34.171042,WOAH (former OIE),Confirmed,Domestic - cattle,Domestic - Cattle,31/08/2000,28/02/2001,,
188844,UNFAO-LEG-188844,Contagious bovine pleuropneumonia,,Africa,Middle Africa,Angola,Namibe,unknown,-15.392526,12.728565,WOAH (former OIE),Confirmed,Domestic - cattle,Domestic - Cattle,30/08/2000,28/02/2001,,
187043,UNFAO-LEG-187043,Contagious bovine pleuropneumonia,,Africa,Middle Africa,Angola,Namibe,unknown,-15.392526,12.728565,WOAH (former OIE),Confirmed,Domestic - cattle,Domestic - Cattle,31/07/2000,28/02/2001,,
188867,UNFAO-LEG-188867,Contagious bovine pleuropneumonia,,Africa,Eastern Africa,Uganda,Kotido,unknown,2.992057,34.033704,WOAH (former OIE),Confirmed,Domestic - cattle,Domestic - Cattle,31/07/2000,28/02/2001,,
188874,UNFAO-LEG-188874,Contagious bovine pleuropneumonia,,Africa,Eastern Africa,Uganda,Napak,unknown,2.398102,34.171042,WOAH (former OIE),Confirmed,Domestic - cattle,Domestic - Cattle,31/07/2000,28/02/2001,,
187040,UNFAO-LEG-187040,Contagious bovine pleuropneumonia,,Africa,Middle Africa,Angola,Huila,unknown,-14.851598,15.006338,WOAH (former OIE),Confirmed,Domestic - cattle,Domestic - Cattle,30/06/2000,28/02/2001,,
187042,UNFAO-LEG-187042,Contagious bovine pleuropneumonia,,Africa,Middle Africa,Angola,Namibe,unknown,-15.392526,12.728565,WOAH (former OIE),Confirmed,Domestic - cattle,Domestic - Cattle,30/06/2000,28/02/2001,,
188865,UNFAO-LEG-188865,Contagious bovine pleuropneumonia,,Africa,Eastern Africa,Uganda,Arua,unknown,2.949892,31.127812,WOAH (former OIE),Confirmed,Domestic - cattle,Domestic - Cattle,30/06/2000,28/02/2001,,
188868,UNFAO-LEG-188868,Contagious bovine pleuropneumonia,,Africa,Eastern Africa,Uganda,Luwero,unknown,0.848497,32.602207,WOAH (former OIE),Confirmed,Domestic - cattle,Domestic - Cattle,30/06/2000,28/02/2001,,
188869,UNFAO-LEG-188869,Contagious bovine pleuropneumonia,,Africa,Eastern Africa,Uganda,Masindi,unknown,1.815628,31.737751,WOAH (former OIE),Confirmed,Domestic - cattle,Domestic - Cattle,30/06/2000,28/02/2001,,
188870,UNFAO-LEG-188870,Contagious bovine pleuropneumonia,,Africa,Eastern Africa,Uganda,Mbarara,unknown,-0.52912,30.629672,WOAH (former OIE),Confirmed,Domestic - cattle,Domestic - Cattle,30/06/2000,28/02/2001,,
188871,UNFAO-LEG-188871,Contagious bovine pleuropneumonia,,Africa,Eastern Africa,Uganda,Napak,unknown,2.398102,34.171042,WOAH (former OIE),Confirmed,Domestic - cattle,Domestic - Cattle,30/06/2000,28/02/2001,,
188872,UNFAO-LEG-188872,Contagious bovine pleuropneumonia,,Africa,Eastern Africa,Uganda,Nebbi,unknown,2.465616,31.278756,National authorities,Confirmed,Domestic - cattle,Domestic - Cattle,30/06/2000,24/11/2011,,
188873,UNFAO-LEG-188873,Contagious bovine pleuropneumonia,,Africa,Eastern Africa,Uganda,Ssembabule,unknown,-0.05258,31.408869,WOAH (former OIE),Confirmed,Domestic - cattle,Domestic - Cattle,30/06/2000,28/02/2001,,
188875,UNFAO-LEG-188875,Contagious bovine pleuropneumonia,,Africa,Eastern Africa,Uganda,Kotido,unknown,2.992057,34.033704,WOAH (former OIE),Confirmed,Domestic - cattle,Domestic - Cattle,30/06/2000,28/02/2001,,
188866,UNFAO-LEG-188866,Contagious bovine pleuropneumonia,,Africa,Eastern Africa,Uganda,Kabale,unknown,-1.233307,30.015814,WOAH (former OIE),Confirmed,Domestic - cattle,Domestic - Cattle,06/06/2000,28/02/2001,,
187039,UNFAO-LEG-187039,Contagious bovine pleuropneumonia,,Africa,Middle Africa,Angola,Huila,unknown,-14.851598,15.006338,WOAH (former OIE),Confirmed,Domestic - cattle,Domestic - Cattle,31/05/2000,28/02/2001,,
188861,UNFAO-LEG-188861,Contagious bovine pleuropneumonia,,Africa,Eastern Africa,Uganda,Kabale,unknown,-1.233307,30.015814,WOAH (former OIE),Confirmed,Domestic - cattle,Domestic - Cattle,31/05/2000,28/02/2001,,
188862,UNFAO-LEG-188862,Contagious bovine pleuropneumonia,,Africa,Eastern Africa,Uganda,Mbarara,unknown,-0.52912,30.629672,WOAH (former OIE),Confirmed,Domestic - cattle,Domestic - Cattle,31/05/2000,28/02/2001,,
188863,UNFAO-LEG-188863,Contagious bovine pleuropneumonia,,Africa,Eastern Africa,Uganda,Gomba,unknown,0.205453,31.736722,WOAH (former OIE),Confirmed,Domestic - cattle,Domestic - Cattle,31/05/2000,28/02/2001,,
188864,UNFAO-LEG-188864,Contagious bovine pleuropneumonia,,Africa,Eastern Africa,Uganda,Mukono,unknown,0.36,32.75,WOAH (former OIE),Confirmed,Domestic - cattle,Domestic - Cattle,31/05/2000,28/02/2001,,
127759,UNFAO-LEG-127759,Contagious bovine pleuropneumonia,,Africa,Eastern Africa,Kenya,Rift Valley,Narok,-1.0833333,35.8666667,Media,Suspected,Domestic - cattle,Domestic - Cattle,01/05/2000,01/05/2000,,
187046,UNFAO-LEG-187046,Contagious bovine pleuropneumonia,,Africa,Middle Africa,Angola,Benguela,unknown,-12.817898,13.89827,WOAH (former OIE),Confirmed,Domestic - cattle,Domestic - Cattle,30/04/2000,28/02/2001,,
187047,UNFAO-LEG-187047,Contagious bovine pleuropneumonia,,Africa,Middle Africa,Angola,Huila,unknown,-14.851598,15.006338,WOAH (former OIE),Confirmed,Domestic - cattle,Domestic - Cattle,30/04/2000,28/02/2001,,
188858,UNFAO-LEG-188858,Contagious bovine pleuropneumonia,,Africa,Eastern Africa,Uganda,Kabale,unknown,-1.233307,30.015814,WOAH (former OIE),Confirmed,Domestic - cattle,Domestic - Cattle,30/04/2000,28/02/2001,,
188859,UNFAO-LEG-188859,Contagious bovine pleuropneumonia,,Africa,Eastern Africa,Uganda,Kampala,unknown,0.312917,32.586252,WOAH (former OIE),Confirmed,Domestic - cattle,Domestic - Cattle,30/04/2000,28/02/2001,,
188860,UNFAO-LEG-188860,Contagious bovine pleuropneumonia,,Africa,Eastern Africa,Uganda,Mbarara,unknown,-0.52912,30.629672,WOAH (former OIE),Confirmed,Domestic - cattle,Domestic - Cattle,30/04/2000,28/02/2001,,
187038,UNFAO-LEG-187038,Contagious bovine pleuropneumonia,,Africa,Middle Africa,Angola,Huila,unknown,-14.851598,15.006338,WOAH (former OIE),Confirmed,Domestic - cattle,Domestic - Cattle,31/03/2000,28/02/2001,,
188851,UNFAO-LEG-188851,Contagious bovine pleuropneumonia,,Africa,Eastern Africa,Uganda,Kalangala,unknown,-0.308888,32.225,WOAH (former OIE),Confirmed,Domestic - cattle,Domestic - Cattle,31/03/2000,28/02/2001,,
188852,UNFAO-LEG-188852,Contagious bovine pleuropneumonia,,Africa,Eastern Africa,Uganda,Kotido,unknown,2.992057,34.033704,WOAH (former OIE),Confirmed,Domestic - cattle,Domestic - Cattle,31/03/2000,28/02/2001,,
188853,UNFAO-LEG-188853,Contagious bovine pleuropneumonia,,Africa,Eastern Africa,Uganda,Masindi,unknown,1.815628,31.737751,WOAH (former OIE),Confirmed,Domestic - cattle,Domestic - Cattle,31/03/2000,28/02/2001,,
188854,UNFAO-LEG-188854,Contagious bovine pleuropneumonia,,Africa,Eastern Africa,Uganda,Napak,unknown,2.398102,34.171042,WOAH (former OIE),Confirmed,Domestic - cattle,Domestic - Cattle,31/03/2000,28/02/2001,,
188855,UNFAO-LEG-188855,Contagious bovine pleuropneumonia,,Africa,Eastern Africa,Uganda,Gomba,unknown,0.205453,31.736722,WOAH (former OIE),Confirmed,Domestic - cattle,Domestic - Cattle,31/03/2000,28/02/2001,,
188856,UNFAO-LEG-188856,Contagious bovine pleuropneumonia,,Africa,Eastern Africa,Uganda,Rakai,unknown,-0.714417,31.447252,WOAH (former OIE),Confirmed,Domestic - cattle,Domestic - Cattle,31/03/2000,28/02/2001,,
187037,UNFAO-LEG-187037,Contagious bovine pleuropneumonia,,Africa,Middle Africa,Angola,Huila,unknown,-14.851598,15.006338,WOAH (former OIE),Confirmed,Domestic - cattle,Domestic - Cattle,29/02/2000,28/02/2001,,
188845,UNFAO-LEG-188845,Contagious bovine pleuropneumonia,,Africa,Eastern Africa,Uganda,Kalangala,unknown,-0.308888,32.225,WOAH (former OIE),Confirmed,Domestic - cattle,Domestic - Cattle,29/02/2000,28/02/2001,,
188846,UNFAO-LEG-188846,Contagious bovine pleuropneumonia,,Africa,Eastern Africa,Uganda,Katakwi,unknown,1.973512,34.056743,WOAH (former OIE),Confirmed,Domestic - cattle,Domestic - Cattle,29/02/2000,28/02/2001,,
188847,UNFAO-LEG-188847,Contagious bovine pleuropneumonia,,Africa,Eastern Africa,Uganda,Luwero,unknown,0.848497,32.602207,WOAH (former OIE),Confirmed,Domestic - cattle,Domestic - Cattle,29/02/2000,28/02/2001,,
188848,UNFAO-LEG-188848,Contagious bovine pleuropneumonia,,Africa,Eastern Africa,Uganda,Masindi,unknown,1.815628,31.737751,WOAH (former OIE),Confirmed,Domestic - cattle,Domestic - Cattle,29/02/2000,28/02/2001,,
188849,UNFAO-LEG-188849,Contagious bovine pleuropneumonia,,Africa,Eastern Africa,Uganda,Napak,unknown,2.398102,34.171042,WOAH (former OIE),Confirmed,Domestic - cattle,Domestic - Cattle,29/02/2000,28/02/2001,,
188850,UNFAO-LEG-188850,Contagious bovine pleuropneumonia,,Africa,Eastern Africa,Uganda,Gomba,unknown,0.205453,31.736722,WOAH (former OIE),Confirmed,Domestic - cattle,Domestic - Cattle,29/02/2000,28/02/2001,,
187036,UNFAO-LEG-187036,Contagious bovine pleuropneumonia,,Africa,Middle Africa,Angola,Luanda,unknown,-8.95977,13.323974,WOAH (former OIE),Confirmed,Domestic - cattle,Domestic - Cattle,31/01/2000,28/02/2001,,
187050,UNFAO-LEG-187050,Contagious bovine pleuropneumonia,,Africa,Eastern Africa,Uganda,Kabarole,unknown,0.623883,30.264918,WOAH (former OIE),Confirmed,Domestic - cattle,Domestic - Cattle,31/01/2000,28/02/2001,,
187051,UNFAO-LEG-187051,Contagious bovine pleuropneumonia,,Africa,Eastern Africa,Uganda,Apac,unknown,1.917306,32.647778,WOAH (former OIE),Confirmed,Domestic - cattle,Domestic - Cattle,31/01/2000,28/02/2001,,
187052,UNFAO-LEG-187052,Contagious bovine pleuropneumonia,,Africa,Eastern Africa,Uganda,Arua,unknown,2.949892,31.127812,WOAH (former OIE),Confirmed,Domestic - cattle,Domestic - Cattle,31/01/2000,28/02/2001,,
187053,UNFAO-LEG-187053,Contagious bovine pleuropneumonia,,Africa,Eastern Africa,Uganda,Kalangala,unknown,-0.308888,32.225,WOAH (former OIE),Confirmed,Domestic - cattle,Domestic - Cattle,31/01/2000,28/02/2001,,
187054,UNFAO-LEG-187054,Contagious bovine pleuropneumonia,,Africa,Eastern Africa,Uganda,Kamuli,unknown,0.942336,33.126299,WOAH (former OIE),Confirmed,Domestic - cattle,Domestic - Cattle,31/01/2000,28/02/2001,,
187055,UNFAO-LEG-187055,Contagious bovine pleuropneumonia,,Africa,Eastern Africa,Uganda,Katakwi,unknown,1.973512,34.056743,WOAH (former OIE),Confirmed,Domestic - cattle,Domestic - Cattle,31/01/2000,28/02/2001,,
187056,UNFAO-LEG-187056,Contagious bovine pleuropneumonia,,Africa,Eastern Africa,Uganda,Kotido,unknown,2.992057,34.033704,WOAH (former OIE),Confirmed,Domestic - cattle,Domestic - Cattle,31/01/2000,28/02/2001,,
187057,UNFAO-LEG-187057,Contagious bovine pleuropneumonia,,Africa,Eastern Africa,Uganda,Luwero,unknown,0.848497,32.602207,WOAH (former OIE),Confirmed,Domestic - cattle,Domestic - Cattle,31/01/2000,28/02/2001,,
187058,UNFAO-LEG-187058,Contagious bovine pleuropneumonia,,Africa,Eastern Africa,Uganda,Masindi,unknown,1.815628,31.737751,WOAH (former OIE),Confirmed,Domestic - cattle,Domestic - Cattle,31/01/2000,28/02/2001,,
187059,UNFAO-LEG-187059,Contagious bovine pleuropneumonia,,Africa,Eastern Africa,Uganda,Mbarara,unknown,-0.52912,30.629672,WOAH (former OIE),Confirmed,Domestic - cattle,Domestic - Cattle,31/01/2000,28/02/2001,,
187060,UNFAO-LEG-187060,Contagious bovine pleuropneumonia,,Africa,Eastern Africa,Uganda,Napak,unknown,2.398102,34.171042,WOAH (former OIE),Confirmed,Domestic - cattle,Domestic - Cattle,31/01/2000,28/02/2001,,
187061,UNFAO-LEG-187061,Contagious bovine pleuropneumonia,,Africa,Eastern Africa,Uganda,Gomba,unknown,0.205453,31.736722,WOAH (former OIE),Confirmed,Domestic - cattle,Domestic - Cattle,31/01/2000,28/02/2001,,
187062,UNFAO-LEG-187062,Contagious bovine pleuropneumonia,,Africa,Eastern Africa,Uganda,Rakai,unknown,-0.714417,31.447252,WOAH (former OIE),Confirmed,Domestic - cattle,Domestic - Cattle,31/01/2000,28/02/2001,,
187063,UNFAO-LEG-187063,Contagious bovine pleuropneumonia,,Africa,Eastern Africa,Uganda,Ssembabule,unknown,-0.05258,31.408869,WOAH (former OIE),Confirmed,Domestic - cattle,Domestic - Cattle,31/01/2000,28/02/2001,,
127786,UNFAO-LEG-127786,Contagious bovine pleuropneumonia,,Africa,Western Africa,Nigeria,Kaduna,Wake,9.9666667,7.8666667,National authorities,Suspected,Domestic - cattle,Domestic - Cattle,16/08/1999,14/09/1999,,
127758,UNFAO-LEG-127758,Contagious bovine pleuropneumonia,,Africa,Western Africa,Nigeria,Jigawa,Gumel,12.6308333,9.3933333,National authorities,Suspected,Domestic - cattle,Domestic - Cattle,15/07/1999,14/09/1999,,
127757,UNFAO-LEG-127757,Contagious bovine pleuropneumonia,,Africa,Eastern Africa,Kenya,Nairobi,Nairobi,-1.30694,36.79972,Other,Suspected,Domestic - cattle,Domestic - Cattle,05/02/1998,05/02/1998,,
127756,UNFAO-LEG-127756,Contagious bovine pleuropneumonia,,Africa,Eastern Africa,United Republic of Tanzania,Dodoma,Dodoma,-7.2833333,36.35,Other,Suspected,Domestic - cattle,Domestic - Cattle,25/10/1997,25/10/1997,,
127754,UNFAO-LEG-127754,Contagious bovine pleuropneumonia,,Africa,Eastern Africa,Zambia,Western,Shangombo (estimated),-17,23,WOAH (former OIE),Confirmed,Domestic - cattle,Domestic - Cattle,23/05/1997,23/05/1997,,
127755,UNFAO-LEG-127755,Contagious bovine pleuropneumonia,,Africa,Eastern Africa,Zambia,Western,Shangombo (estimated),-17,23,WOAH (former OIE),Confirmed,Domestic - cattle,Domestic - Cattle,23/05/1997,23/05/1997,,
187648,UNFAO-LEG-187648,Contagious bovine pleuropneumonia,,Africa,Northern Africa,Egypt,Cairo,unknown,30.05,31.233333,WOAH (former OIE),Confirmed,Domestic - cattle,Domestic - Cattle,31/12/1960,31/12/1961,,
187649,UNFAO-LEG-187649,Contagious bovine pleuropneumonia,,Africa,Northern Africa,Sudan,Khartoum,unknown,15.633334,32.533334,WOAH (former OIE),Confirmed,Domestic - cattle,Domestic - Cattle,31/12/1960,31/12/1961,,
187650,UNFAO-LEG-187650,Contagious bovine pleuropneumonia,,Africa,Middle Africa,Chad,Hadjer Lamis,unknown,12.113056,15.049167,WOAH (former OIE),Confirmed,Domestic - cattle,Domestic - Cattle,31/12/1960,31/12/1961,,
187651,UNFAO-LEG-187651,Contagious bovine pleuropneumonia,,Africa,Western Africa,Niger,Niamey,unknown,13.509336,2.133509,WOAH (former OIE),Confirmed,Domestic - cattle,Domestic - Cattle,31/12/1960,31/12/1961,,
187652,UNFAO-LEG-187652,Contagious bovine pleuropneumonia,,Africa,Western Africa,Burkina Faso,Centre,unknown,12.368822,-1.5457,WOAH (former OIE),Confirmed,Domestic - cattle,Domestic - Cattle,31/12/1960,31/12/1961,,
187653,UNFAO-LEG-187653,Contagious bovine pleuropneumonia,,Africa,Western Africa,Mali,Bamako,unknown,12.605425,-7.990228,WOAH (former OIE),Confirmed,Domestic - cattle,Domestic - Cattle,31/12/1960,31/12/1961,,
187654,UNFAO-LEG-187654,Contagious bovine pleuropneumonia,,Africa,Western Africa,Mauritania,Nouakchott,unknown,18.058877,-15.957062,WOAH (former OIE),Confirmed,Domestic - cattle,Domestic - Cattle,31/12/1960,31/12/1961,,
187655,UNFAO-LEG-187655,Contagious bovine pleuropneumonia,,Africa,Western Africa,Senegal,Dakar,unknown,14.736135,-17.229055,WOAH (former OIE),Confirmed,Domestic - cattle,Domestic - Cattle,31/12/1960,31/12/1961,,
187656,UNFAO-LEG-187656,Contagious bovine pleuropneumonia,,Africa,Western Africa,Guinea,Conakry,unknown,9.642243,-13.57918,WOAH (former OIE),Confirmed,Domestic - cattle,Domestic - Cattle,31/12/1960,31/12/1961,,
187657,UNFAO-LEG-187657,Contagious bovine pleuropneumonia,,Africa,Western Africa,Sierra Leone,Western Area,unknown,8.334619,-13.065892,WOAH (former OIE),Confirmed,Domestic - cattle,Domestic - Cattle,31/12/1960,31/12/1961,,
187658,UNFAO-LEG-187658,Contagious bovine pleuropneumonia,,Africa,Western Africa,Côte d'Ivoire,District autonome de Yamoussoukro,unknown,6.815928,-5.222342,WOAH (former OIE),Confirmed,Domestic - cattle,Domestic - Cattle,31/12/1960,31/12/1961,,
187659,UNFAO-LEG-187659,Contagious bovine pleuropneumonia,,Africa,Western Africa,Ghana,Greater Accra,unknown,5.788364,0.116247,WOAH (former OIE),Confirmed,Domestic - cattle,Domestic - Cattle,31/12/1960,31/12/1961,,
187660,UNFAO-LEG-187660,Contagious bovine pleuropneumonia,,Africa,Western Africa,Togo,Maritime,unknown,6.511335,1.206708,WOAH (former OIE),Confirmed,Domestic - cattle,Domestic - Cattle,31/12/1960,31/12/1961,,
187661,UNFAO-LEG-187661,Contagious bovine pleuropneumonia,,Africa,Western Africa,Benin,Oueme,unknown,6.658696,2.489576,WOAH (former OIE),Confirmed,Domestic - cattle,Domestic - Cattle,31/12/1960,31/12/1961,,
187662,UNFAO-LEG-187662,Contagious bovine pleuropneumonia,,Africa,Western Africa,Nigeria,Lagos,unknown,6.539821,3.699221,WOAH (former OIE),Confirmed,Domestic - cattle,Domestic - Cattle,31/12/1960,31/12/1961,,
187663,UNFAO-LEG-187663,Contagious bovine pleuropneumonia,,Africa,Middle Africa,Cameroon,Nord,unknown,8.636915,13.900357,WOAH (former OIE),Confirmed,Domestic - cattle,Domestic - Cattle,31/12/1960,31/12/1961,,
187664,UNFAO-LEG-187664,Contagious bovine pleuropneumonia,,Africa,Middle Africa,Central African Republic,Ouaka,Ouaka,6.113186,20.819232,WOAH (former OIE),Confirmed,Domestic - cattle,Domestic - Cattle,31/12/1960,31/12/1961,,
187735,UNFAO-LEG-187735,Contagious bovine pleuropneumonia,,Africa,Eastern Africa,Ethiopia,Addis Ababa,unknown,9.030001,38.74,WOAH (former OIE),Confirmed,Domestic - cattle,Domestic - Cattle,31/12/1960,31/12/1961,,
187736,UNFAO-LEG-187736,Contagious bovine pleuropneumonia,,Africa,Eastern Africa,Somalia,Woqooyi Galbeed,unknown,10.435556,45.016389,WOAH (former OIE),Confirmed,Domestic - cattle,Domestic - Cattle,31/12/1960,31/12/1961,,
187737,UNFAO-LEG-187737,Contagious bovine pleuropneumonia,,Africa,Eastern Africa,United Republic of Tanzania,Dar-es-salaam,unknown,-6.87524,39.291469,WOAH (former OIE),Confirmed,Domestic - cattle,Domestic - Cattle,31/12/1960,31/12/1961,,
187738,UNFAO-LEG-187738,Contagious bovine pleuropneumonia,,Africa,Eastern Africa,Kenya,Nairobi,unknown,-1.30022,36.830091,WOAH (former OIE),Confirmed,Domestic - cattle,Domestic - Cattle,31/12/1960,31/12/1961,,
187739,UNFAO-LEG-187739,Contagious bovine pleuropneumonia,,Africa,Eastern Africa,Uganda,Gulu,unknown,2.78,32.3,WOAH (former OIE),Confirmed,Domestic - cattle,Domestic - Cattle,31/12/1960,31/12/1961,,
187741,UNFAO-LEG-187741,Contagious bovine pleuropneumonia,,Africa,Middle Africa,Angola,Luanda,unknown,-8.95977,13.323974,WOAH (former OIE),Confirmed,Domestic - cattle,Domestic - Cattle,31/12/1960,31/12/1961,,
187742,UNFAO-LEG-187742,Contagious bovine pleuropneumonia,,Africa,Southern Africa,Namibia,Khomas,unknown,-22.909512,17.092186,WOAH (former OIE),Confirmed,Domestic - cattle,Domestic - Cattle,31/12/1960,31/12/1961,,
187501,UNFAO-LEG-187501,Contagious bovine pleuropneumonia,,Africa,Northern Africa,Egypt,Cairo,unknown,30.05,31.233333,WOAH (former OIE),Confirmed,Domestic - cattle,Domestic - Cattle,31/12/1959,31/12/1960,,
187502,UNFAO-LEG-187502,Contagious bovine pleuropneumonia,,Africa,Northern Africa,Sudan,Khartoum,unknown,15.633334,32.533334,WOAH (former OIE),Confirmed,Domestic - cattle,Domestic - Cattle,31/12/1959,31/12/1960,,
187503,UNFAO-LEG-187503,Contagious bovine pleuropneumonia,,Africa,Middle Africa,Chad,Hadjer Lamis,unknown,12.113056,15.049167,WOAH (former OIE),Confirmed,Domestic - cattle,Domestic - Cattle,31/12/1959,31/12/1960,,
187504,UNFAO-LEG-187504,Contagious bovine pleuropneumonia,,Africa,Western Africa,Senegal,Dakar,unknown,14.736135,-17.229055,WOAH (former OIE),Confirmed,Domestic - cattle,Domestic - Cattle,31/12/1959,31/12/1960,,
187505,UNFAO-LEG-187505,Contagious bovine pleuropneumonia,,Africa,Middle Africa,Cameroon,Nord,unknown,8.636915,13.900357,WOAH (former OIE),Confirmed,Domestic - cattle,Domestic - Cattle,31/12/1959,31/12/1960,,
187506,UNFAO-LEG-187506,Contagious bovine pleuropneumonia,,Africa,Western Africa,Nigeria,Lagos,unknown,6.539821,3.699221,WOAH (former OIE),Confirmed,Domestic - cattle,Domestic - Cattle,31/12/1959,31/12/1960,,
187507,UNFAO-LEG-187507,Contagious bovine pleuropneumonia,,Africa,Western Africa,Ghana,Greater Accra,unknown,5.788364,0.116247,WOAH (former OIE),Confirmed,Domestic - cattle,Domestic - Cattle,31/12/1959,31/12/1960,,
187508,UNFAO-LEG-187508,Contagious bovine pleuropneumonia,,Africa,Western Africa,Guinea,Conakry,unknown,9.642243,-13.57918,WOAH (former OIE),Confirmed,Domestic - cattle,Domestic - Cattle,31/12/1959,31/12/1960,,
187509,UNFAO-LEG-187509,Contagious bovine pleuropneumonia,,Africa,Western Africa,Sierra Leone,Western Area,unknown,8.334619,-13.065892,WOAH (former OIE),Confirmed,Domestic - cattle,Domestic - Cattle,31/12/1959,31/12/1960,,
187510,UNFAO-LEG-187510,Contagious bovine pleuropneumonia,,Africa,Eastern Africa,Ethiopia,Addis Ababa,unknown,9.030001,38.74,WOAH (former OIE),Confirmed,Domestic - cattle,Domestic - Cattle,31/12/1959,31/12/1960,,
187511,UNFAO-LEG-187511,Contagious bovine pleuropneumonia,,Africa,Eastern Africa,Djibouti,Djibouti,unknown,11.495942,43.002547,WOAH (former OIE),Confirmed,Domestic - cattle,Domestic - Cattle,31/12/1959,31/12/1960,,
187512,UNFAO-LEG-187512,Contagious bovine pleuropneumonia,,Africa,Eastern Africa,Somalia,Woqooyi Galbeed,unknown,10.435556,45.016389,WOAH (former OIE),Confirmed,Domestic - cattle,Domestic - Cattle,31/12/1959,31/12/1960,,
187513,UNFAO-LEG-187513,Contagious bovine pleuropneumonia,,Africa,Eastern Africa,Kenya,Nairobi,unknown,-1.30022,36.830091,WOAH (former OIE),Confirmed,Domestic - cattle,Domestic - Cattle,31/12/1959,31/12/1960,,
187514,UNFAO-LEG-187514,Contagious bovine pleuropneumonia,,Africa,Eastern Africa,United Republic of Tanzania,Dar-es-salaam,unknown,-6.87524,39.291469,WOAH (former OIE),Confirmed,Domestic - cattle,Domestic - Cattle,31/12/1959,31/12/1960,,
187515,UNFAO-LEG-187515,Contagious bovine pleuropneumonia,,Africa,Eastern Africa,Uganda,Gulu,unknown,2.78,32.3,WOAH (former OIE),Confirmed,Domestic - cattle,Domestic - Cattle,31/12/1959,31/12/1960,,
187324,UNFAO-LEG-187324,Contagious bovine pleuropneumonia,,Africa,Northern Africa,Egypt,Cairo,unknown,30.05,31.233333,WOAH (former OIE),Confirmed,Domestic - cattle,Domestic - Cattle,31/12/1958,31/12/1959,,
187325,UNFAO-LEG-187325,Contagious bovine pleuropneumonia,,Africa,Northern Africa,Sudan,Khartoum,unknown,15.633334,32.533334,WOAH (former OIE),Confirmed,Domestic - cattle,Domestic - Cattle,31/12/1958,31/12/1959,,
187326,UNFAO-LEG-187326,Contagious bovine pleuropneumonia,,Africa,Middle Africa,Chad,Hadjer Lamis,unknown,12.113056,15.049167,WOAH (former OIE),Confirmed,Domestic - cattle,Domestic - Cattle,31/12/1958,31/12/1959,,
187327,UNFAO-LEG-187327,Contagious bovine pleuropneumonia,,Africa,Western Africa,Senegal,Dakar,unknown,14.736135,-17.229055,WOAH (former OIE),Confirmed,Domestic - Goats | Domestic - sheep | Domestic - cattle,Domestic - Goats | Domestic - Sheep | Domestic - Cattle,31/12/1958,31/12/1959,,
187328,UNFAO-LEG-187328,Contagious bovine pleuropneumonia,,Africa,Middle Africa,Cameroon,Nord,unknown,8.636915,13.900357,WOAH (former OIE),Confirmed,Domestic - cattle,Domestic - Cattle,31/12/1958,31/12/1959,,
187335,UNFAO-LEG-187335,Contagious bovine pleuropneumonia,,Africa,Western Africa,Nigeria,Lagos,unknown,6.539821,3.699221,WOAH (former OIE),Confirmed,Domestic - cattle,Domestic - Cattle,31/12/1958,31/12/1959,,
187336,UNFAO-LEG-187336,Contagious bovine pleuropneumonia,,Africa,Western Africa,Ghana,Greater Accra,unknown,5.788364,0.116247,WOAH (former OIE),Confirmed,Domestic - cattle,Domestic - Cattle,31/12/1958,31/12/1959,,
187337,UNFAO-LEG-187337,Contagious bovine pleuropneumonia,,Africa,Western Africa,Guinea,Conakry,unknown,9.642243,-13.57918,WOAH (former OIE),Confirmed,Domestic - cattle,Domestic - Cattle,31/12/1958,31/12/1959,,
187338,UNFAO-LEG-187338,Contagious bovine pleuropneumonia,,Africa,Western Africa,Sierra Leone,Western Area,unknown,8.334619,-13.065892,WOAH (former OIE),Confirmed,Domestic - cattle,Domestic - Cattle,31/12/1958,31/12/1959,,
187339,UNFAO-LEG-187339,Contagious bovine pleuropneumonia,,Africa,Eastern Africa,Ethiopia,Addis Ababa,unknown,9.030001,38.74,WOAH (former OIE),Confirmed,Domestic - cattle,Domestic - Cattle,31/12/1958,31/12/1959,,
187340,UNFAO-LEG-187340,Contagious bovine pleuropneumonia,,Africa,Eastern Africa,Djibouti,Djibouti,unknown,11.495942,43.002547,WOAH (former OIE),Confirmed,Domestic - cattle,Domestic - Cattle,31/12/1958,31/12/1959,,
187341,UNFAO-LEG-187341,Contagious bovine pleuropneumonia,,Africa,Eastern Africa,Somalia,Woqooyi Galbeed,unknown,10.435556,45.016389,WOAH (former OIE),Confirmed,Domestic - cattle,Domestic - Cattle,31/12/1958,31/12/1959,,
187342,UNFAO-LEG-187342,Contagious bovine pleuropneumonia,,Africa,Eastern Africa,Kenya,Nairobi,unknown,-1.30022,36.830091,WOAH (former OIE),Confirmed,Domestic - cattle,Domestic - Cattle,31/12/1958,31/12/1959,,
187343,UNFAO-LEG-187343,Contagious bovine pleuropneumonia,,Africa,Eastern Africa,United Republic of Tanzania,Dar-es-salaam,unknown,-6.87524,39.291469,WOAH (former OIE),Confirmed,Domestic - cattle,Domestic - Cattle,31/12/1958,31/12/1959,,
187346,UNFAO-LEG-187346,Contagious bovine pleuropneumonia,,Africa,Eastern Africa,Uganda,Gulu,unknown,2.78,32.3,WOAH (former OIE),Confirmed,Domestic - cattle,Domestic - Cattle,31/12/1958,31/12/1959,,
187466,UNFAO-LEG-187466,Contagious bovine pleuropneumonia,,Africa,Eastern Africa,United Republic of Tanzania,Dar-es-salaam,unknown,-6.87524,39.291469,WOAH (former OIE),Confirmed,Domestic - cattle | Domestic - Goats | Domestic - sheep,Domestic - Cattle | Domestic - Goats | Domestic - Sheep,31/12/1957,31/12/1958,,
187467,UNFAO-LEG-187467,Contagious bovine pleuropneumonia,,Africa,Eastern Africa,Uganda,Kaabong,unknown,3.648663,34.016699,WOAH (former OIE),Confirmed,Domestic - cattle,Domestic - Cattle,31/12/1957,31/12/1958,,
187468,UNFAO-LEG-187468,Contagious bovine pleuropneumonia,,Africa,Western Africa,Nigeria,Lagos,unknown,6.539821,3.699221,WOAH (former OIE),Confirmed,Domestic - cattle | Domestic - Goats | Domestic - sheep,Domestic - Cattle | Domestic - Goats | Domestic - Sheep,31/12/1957,31/12/1958,,
187469,UNFAO-LEG-187469,Contagious bovine pleuropneumonia,,Africa,Western Africa,Ghana,Greater Accra,unknown,5.788364,0.116247,WOAH (former OIE),Confirmed,Domestic - cattle,Domestic - Cattle,31/12/1957,31/12/1958,,
187475,UNFAO-LEG-187475,Contagious bovine pleuropneumonia,,Africa,Northern Africa,Sudan,Khartoum,unknown,15.633334,32.533334,WOAH (former OIE),Confirmed,Domestic - cattle | Domestic - Goats,Domestic - Cattle | Domestic - Goats,31/12/1957,31/12/1958,,
187476,UNFAO-LEG-187476,Contagious bovine pleuropneumonia,,Africa,Northern Africa,Egypt,Cairo,unknown,30.05,31.233333,WOAH (former OIE),Confirmed,Domestic - cattle | Domestic - sheep,Domestic - Cattle | Domestic - Sheep,31/12/1957,31/12/1958,,
187477,UNFAO-LEG-187477,Contagious bovine pleuropneumonia,,Africa,Eastern Africa,Somalia,Woqooyi Galbeed,unknown,10.435556,45.016389,WOAH (former OIE),Confirmed,Domestic - cattle | Domestic - Goats,Domestic - Cattle | Domestic - Goats,31/12/1957,31/12/1958,,
187478,UNFAO-LEG-187478,Contagious bovine pleuropneumonia,,Africa,Western Africa,Senegal,Dakar,unknown,14.736135,-17.229055,WOAH (former OIE),Confirmed,Domestic - Goats | Domestic - cattle,Domestic - Goats | Domestic - Cattle,31/12/1957,31/12/1958,,
187479,UNFAO-LEG-187479,Contagious bovine pleuropneumonia,,Africa,Eastern Africa,Kenya,Nairobi,unknown,-1.30022,36.830091,WOAH (former OIE),Confirmed,Domestic - cattle | Domestic - Goats,Domestic - Cattle | Domestic - Goats,31/12/1957,31/12/1958,,
187231,UNFAO-LEG-187231,Contagious bovine pleuropneumonia,,Africa,Northern Africa,Sudan,Khartoum,unknown,15.633334,32.533334,WOAH (former OIE),Confirmed,Domestic - Goats | Domestic - sheep | Domestic - cattle,Domestic - Goats | Domestic - Sheep | Domestic - Cattle,31/12/1956,31/12/1957,,
187232,UNFAO-LEG-187232,Contagious bovine pleuropneumonia,,Africa,Eastern Africa,Ethiopia,Addis Ababa,unknown,9.030001,38.74,WOAH (former OIE),Confirmed,Domestic - Goats | Domestic - sheep | Domestic - cattle,Domestic - Goats | Domestic - Sheep | Domestic - Cattle,31/12/1956,31/12/1957,,
187233,UNFAO-LEG-187233,Contagious bovine pleuropneumonia,,Africa,Eastern Africa,Djibouti,Djibouti,unknown,11.495942,43.002547,WOAH (former OIE),Confirmed,Domestic - Goats | Domestic - sheep | Domestic - cattle,Domestic - Goats | Domestic - Sheep | Domestic - Cattle,31/12/1956,31/12/1957,,
187234,UNFAO-LEG-187234,Contagious bovine pleuropneumonia,,Africa,Eastern Africa,Somalia,Woqooyi Galbeed,unknown,10.435556,45.016389,WOAH (former OIE),Confirmed,Domestic - Goats | Domestic - cattle,Domestic - Goats | Domestic - Cattle,31/12/1956,31/12/1957,,
187235,UNFAO-LEG-187235,Contagious bovine pleuropneumonia,,Africa,Eastern Africa,Kenya,Nairobi,unknown,-1.30022,36.830091,WOAH (former OIE),Confirmed,Domestic - Goats | Domestic - cattle,Domestic - Goats | Domestic - Cattle,31/12/1956,31/12/1957,,
187236,UNFAO-LEG-187236,Contagious bovine pleuropneumonia,,Africa,Eastern Africa,United Republic of Tanzania,Dar-es-salaam,unknown,-6.87524,39.291469,WOAH (former OIE),Confirmed,Domestic - Goats | Domestic - cattle,Domestic - Goats | Domestic - Cattle,31/12/1956,31/12/1957,,
187237,UNFAO-LEG-187237,Contagious bovine pleuropneumonia,,Africa,Middle Africa,Democratic Republic of the Congo,Kinshasa,unknown,-4.476418,15.78982,WOAH (former OIE),Confirmed,Domestic - Goats | Domestic - cattle,Domestic - Goats | Domestic - Cattle,31/12/1956,31/12/1957,,
187238,UNFAO-LEG-187238,Contagious bovine pleuropneumonia,,Africa,Middle Africa,Cameroon,Centre,unknown,4.683601,11.851363,WOAH (former OIE),Confirmed,Domestic - cattle,Domestic - Cattle,31/12/1956,31/12/1957,,
187240,UNFAO-LEG-187240,Contagious bovine pleuropneumonia,,Africa,Middle Africa,Chad,Hadjer Lamis,unknown,12.113056,15.049167,WOAH (former OIE),Confirmed,Domestic - cattle | Domestic - Goats,Domestic - Cattle | Domestic - Goats,31/12/1956,31/12/1957,,
187242,UNFAO-LEG-187242,Contagious bovine pleuropneumonia,,Africa,Western Africa,Ghana,Greater Accra,unknown,5.788364,0.116247,WOAH (former OIE),Confirmed,Domestic - cattle,Domestic - Cattle,31/12/1956,31/12/1957,,
187243,UNFAO-LEG-187243,Contagious bovine pleuropneumonia,,Africa,Western Africa,Sierra Leone,Western Area,unknown,8.334619,-13.065892,WOAH (former OIE),Confirmed,Domestic - cattle,Domestic - Cattle,31/12/1956,31/12/1957,,
187244,UNFAO-LEG-187244,Contagious bovine pleuropneumonia,,Africa,Western Africa,Gambia,Kanifing Municipal Council,unknown,13.439863,-16.625244,WOAH (former OIE),Confirmed,Domestic - cattle,Domestic - Cattle,31/12/1956,31/12/1957,,
187245,UNFAO-LEG-187245,Contagious bovine pleuropneumonia,,Africa,Western Africa,Guinea,Conakry,unknown,9.642243,-13.57918,WOAH (former OIE),Confirmed,Domestic - cattle,Domestic - Cattle,31/12/1956,31/12/1957,,
187329,UNFAO-LEG-187329,Contagious bovine pleuropneumonia,,Africa,Western Africa,Nigeria,Kaduna,unknown,10.516667,7.433334,WOAH (former OIE),Confirmed,Domestic - Goats | Domestic - cattle,Domestic - Goats | Domestic - Cattle,31/12/1956,31/12/1957,,
155083,UNFAO-LEG-155083,Contagious bovine pleuropneumonia,,Africa,Eastern Africa,Rwanda,East/Iburasirazuba,Gabiro Military barracks,-1.5480556,30.3841667,Media,Suspected,Domestic - cattle,Domestic - Cattle,,21/03/2010,,
155084,UNFAO-LEG-155084,Contagious bovine pleuropneumonia,,Africa,Eastern Africa,Uganda,Amuru,Gulu,3.129437,32.104081,Other,Suspected,Domestic - cattle,Domestic - Cattle,,11/08/2009,,
155944,UNFAO-LEG-155944,Contagious bovine pleuropneumonia,,Africa,Southern Africa,Namibia,Ohangwena,Ohangwena,-17.658922,16.822437,Media,Suspected,Domestic - cattle,Domestic - Cattle,,29/07/2010,,
173444,UNFAO-LEG-173444,Contagious bovine pleuropneumonia,,Africa,Eastern Africa,Uganda,Gulu,Odek,2.683333,32.716667,Media,Suspected,Domestic - cattle,Domestic - Cattle,,12/11/2012,,
173445,UNFAO-LEG-173445,Contagious bovine pleuropneumonia,,Africa,Eastern Africa,Uganda,Amuru,Lakwama,3.129437,32.104081,Media,Suspected,Domestic - cattle,Domestic - Cattle,,12/11/2012,,
173446,UNFAO-LEG-173446,Contagious bovine pleuropneumonia,,Africa,Eastern Africa,Uganda,Gulu,Awach,3,32.4,Media,Suspected,Domestic - cattle,Domestic - Cattle,,12/11/2012,,
173447,UNFAO-LEG-173447,Contagious bovine pleuropneumonia,,Africa,Eastern Africa,Uganda,Gulu,Bobi,3.003056,32.344167,Media,Suspected,Domestic - cattle,Domestic - Cattle,,12/11/2012,,
184967,UNFAO-LEG-184967,Contagious bovine pleuropneumonia,,Africa,Northern Africa,South Sudan,Warab,Gogrial,8.530011,28.10002,Media,Suspected,Domestic - cattle,Domestic - Cattle,,02/10/2013,,
184968,UNFAO-LEG-184968,Contagious bovine pleuropneumonia,,Africa,Eastern Africa,Zambia,Northern,N/A,-8.852846,31.365768,Media,Suspected,Domestic - cattle,Domestic - Cattle,,14/08/2012,,
330425,UNFAO-LEG-330425,Contagious bovine pleuropneumonia,,Africa,Southern Africa,Namibia,Kunene,Kunene,-19.076652,13.457601,Media,Suspected,Domestic - Cattle,Domestic - Cattle,,09/07/2022,,
330426,UNFAO-LEG-330426,Contagious bovine pleuropneumonia,,Africa,Southern Africa,Namibia,Otjozondjupa,Otjozondjupa,-20.566195,17.177243,Media,Suspected,Domestic - Cattle,Domestic - Cattle,,09/07/2022,,
330427,UNFAO-LEG-330427,Contagious bovine pleuropneumonia,,Africa,Southern Africa,Namibia,Oshana,Oshana,-18.502612,15.745621,Media,Suspected,Domestic - Cattle,Domestic - Cattle,,09/07/2022,,
