Domain Code,Domain,Area Code (M49),Area,Element Code,Element,Item Code (CPC),Item,Year Code,Year,Unit,Value,Flag,Flag Description,Note
"QCL","Crops and livestock products","002","Africa","5111","Stocks","02111","Cattle","2005","2005","An","258891623","A","Official figure",""
"QCL","Crops and livestock products","002","Africa","5111","Stocks","02111","Cattle","2006","2006","An","264284104","A","Official figure",""
"QCL","Crops and livestock products","002","Africa","5111","Stocks","02111","Cattle","2007","2007","An","277048693","A","Official figure",""
"QCL","Crops and livestock products","002","Africa","5111","Stocks","02111","Cattle","2008","2008","An","285864650","A","Official figure",""
"QCL","Crops and livestock products","002","Africa","5111","Stocks","02111","Cattle","2009","2009","An","291213643","A","Official figure",""
"QCL","Crops and livestock products","002","Africa","5111","Stocks","02111","Cattle","2010","2010","An","298260837","A","Official figure",""
"QCL","Crops and livestock products","002","Africa","5111","Stocks","02111","Cattle","2011","2011","An","304823464","A","Official figure",""
"QCL","Crops and livestock products","002","Africa","5111","Stocks","02111","Cattle","2012","2012","An","315679986","A","Official figure",""
"QCL","Crops and livestock products","002","Africa","5111","Stocks","02111","Cattle","2013","2013","An","321258346","A","Official figure",""
"QCL","Crops and livestock products","002","Africa","5111","Stocks","02111","Cattle","2014","2014","An","328096666","A","Official figure",""
"QCL","Crops and livestock products","002","Africa","5111","Stocks","02111","Cattle","2015","2015","An","335594816","A","Official figure",""
"QCL","Crops and livestock products","002","Africa","5111","Stocks","02111","Cattle","2016","2016","An","343616181","A","Official figure",""
"QCL","Crops and livestock products","002","Africa","5111","Stocks","02111","Cattle","2017","2017","An","344958727","A","Official figure",""
"QCL","Crops and livestock products","002","Africa","5111","Stocks","02111","Cattle","2018","2018","An","353589548","A","Official figure",""
"QCL","Crops and livestock products","002","Africa","5111","Stocks","02111","Cattle","2019","2019","An","362795817","A","Official figure",""
"QCL","Crops and livestock products","002","Africa","5111","Stocks","02111","Cattle","2020","2020","An","375275873","A","Official figure",""
"QCL","Crops and livestock products","002","Africa","5111","Stocks","02111","Cattle","2021","2021","An","375390146","E","Estimated value",""
"QCL","Crops and livestock products","002","Africa","5111","Stocks","02111","Cattle","2022","2022","An","378331734","A","Official figure",""
"QCL","Crops and livestock products","002","Africa","5111","Stocks","02111","Cattle","2023","2023","An","391506850","E","Estimated value",""
"QCL","Crops and livestock products","002","Africa","5111","Stocks","02111","Cattle","2024","2024","An","398736998","E","Estimated value",""
"QCL","Crops and livestock products","002","Africa","5112","Stocks","02151","Chickens","2005","2005","1000 An","1319806","E","Estimated value",""
"QCL","Crops and livestock products","002","Africa","5112","Stocks","02151","Chickens","2006","2006","1000 An","1353028","E","Estimated value",""
"QCL","Crops and livestock products","002","Africa","5112","Stocks","02151","Chickens","2007","2007","1000 An","1433275","E","Estimated value",""
"QCL","Crops and livestock products","002","Africa","5112","Stocks","02151","Chickens","2008","2008","1000 An","1502981","E","Estimated value",""
"QCL","Crops and livestock products","002","Africa","5112","Stocks","02151","Chickens","2009","2009","1000 An","1578956","E","Estimated value",""
"QCL","Crops and livestock products","002","Africa","5112","Stocks","02151","Chickens","2010","2010","1000 An","1661897","E","Estimated value",""
"QCL","Crops and livestock products","002","Africa","5112","Stocks","02151","Chickens","2011","2011","1000 An","1647680","E","Estimated value",""
"QCL","Crops and livestock products","002","Africa","5112","Stocks","02151","Chickens","2012","2012","1000 An","1711774","E","Estimated value",""
"QCL","Crops and livestock products","002","Africa","5112","Stocks","02151","Chickens","2013","2013","1000 An","1720751","E","Estimated value",""
"QCL","Crops and livestock products","002","Africa","5112","Stocks","02151","Chickens","2014","2014","1000 An","1778171","E","Estimated value",""
"QCL","Crops and livestock products","002","Africa","5112","Stocks","02151","Chickens","2015","2015","1000 An","1848364","E","Estimated value",""
"QCL","Crops and livestock products","002","Africa","5112","Stocks","02151","Chickens","2016","2016","1000 An","1931252","E","Estimated value",""
"QCL","Crops and livestock products","002","Africa","5112","Stocks","02151","Chickens","2017","2017","1000 An","2003321","E","Estimated value",""
"QCL","Crops and livestock products","002","Africa","5112","Stocks","02151","Chickens","2018","2018","1000 An","2078011","E","Estimated value",""
"QCL","Crops and livestock products","002","Africa","5112","Stocks","02151","Chickens","2019","2019","1000 An","2149013","E","Estimated value",""
"QCL","Crops and livestock products","002","Africa","5112","Stocks","02151","Chickens","2020","2020","1000 An","2215497","E","Estimated value",""
"QCL","Crops and livestock products","002","Africa","5112","Stocks","02151","Chickens","2021","2021","1000 An","2367416","E","Estimated value",""
"QCL","Crops and livestock products","002","Africa","5112","Stocks","02151","Chickens","2022","2022","1000 An","2408347","E","Estimated value",""
"QCL","Crops and livestock products","002","Africa","5112","Stocks","02151","Chickens","2023","2023","1000 An","2403528","E","Estimated value",""
"QCL","Crops and livestock products","002","Africa","5112","Stocks","02151","Chickens","2024","2024","1000 An","2502031","E","Estimated value",""
"QCL","Crops and livestock products","002","Africa","5111","Stocks","02123","Goats","2005","2005","An","291168346","A","Official figure",""
"QCL","Crops and livestock products","002","Africa","5111","Stocks","02123","Goats","2006","2006","An","293374992","A","Official figure",""
"QCL","Crops and livestock products","002","Africa","5111","Stocks","02123","Goats","2007","2007","An","320171551","A","Official figure",""
"QCL","Crops and livestock products","002","Africa","5111","Stocks","02123","Goats","2008","2008","An","332331783","A","Official figure",""
"QCL","Crops and livestock products","002","Africa","5111","Stocks","02123","Goats","2009","2009","An","338334595","A","Official figure",""
"QCL","Crops and livestock products","002","Africa","5111","Stocks","02123","Goats","2010","2010","An","348898548","A","Official figure",""
"QCL","Crops and livestock products","002","Africa","5111","Stocks","02123","Goats","2011","2011","An","356507737","A","Official figure",""
"QCL","Crops and livestock products","002","Africa","5111","Stocks","02123","Goats","2012","2012","An","372824953","A","Official figure",""
"QCL","Crops and livestock products","002","Africa","5111","Stocks","02123","Goats","2013","2013","An","389062995","A","Official figure",""
"QCL","Crops and livestock products","002","Africa","5111","Stocks","02123","Goats","2014","2014","An","398647016","A","Official figure",""
"QCL","Crops and livestock products","002","Africa","5111","Stocks","02123","Goats","2015","2015","An","405198557","A","Official figure",""
"QCL","Crops and livestock products","002","Africa","5111","Stocks","02123","Goats","2016","2016","An","419221238","A","Official figure",""
"QCL","Crops and livestock products","002","Africa","5111","Stocks","02123","Goats","2017","2017","An","434285396","A","Official figure",""
"QCL","Crops and livestock products","002","Africa","5111","Stocks","02123","Goats","2018","2018","An","454025737","E","Estimated value",""
"QCL","Crops and livestock products","002","Africa","5111","Stocks","02123","Goats","2019","2019","An","483241727","A","Official figure",""
"QCL","Crops and livestock products","002","Africa","5111","Stocks","02123","Goats","2020","2020","An","493515287","A","Official figure",""
"QCL","Crops and livestock products","002","Africa","5111","Stocks","02123","Goats","2021","2021","An","493730968","A","Official figure",""
"QCL","Crops and livestock products","002","Africa","5111","Stocks","02123","Goats","2022","2022","An","504633694","E","Estimated value",""
"QCL","Crops and livestock products","002","Africa","5111","Stocks","02123","Goats","2023","2023","An","516434721","E","Estimated value",""
"QCL","Crops and livestock products","002","Africa","5111","Stocks","02123","Goats","2024","2024","An","533691640","E","Estimated value",""
"QCL","Crops and livestock products","002","Africa","5111","Stocks","02122","Sheep","2005","2005","An","286482103","A","Official figure",""
"QCL","Crops and livestock products","002","Africa","5111","Stocks","02122","Sheep","2006","2006","An","291247919","A","Official figure",""
"QCL","Crops and livestock products","002","Africa","5111","Stocks","02122","Sheep","2007","2007","An","305964060","A","Official figure",""
"QCL","Crops and livestock products","002","Africa","5111","Stocks","02122","Sheep","2008","2008","An","309962932","A","Official figure",""
"QCL","Crops and livestock products","002","Africa","5111","Stocks","02122","Sheep","2009","2009","An","316110405","A","Official figure",""
"QCL","Crops and livestock products","002","Africa","5111","Stocks","02122","Sheep","2010","2010","An","322967093","A","Official figure",""
"QCL","Crops and livestock products","002","Africa","5111","Stocks","02122","Sheep","2011","2011","An","332473755","A","Official figure",""
"QCL","Crops and livestock products","002","Africa","5111","Stocks","02122","Sheep","2012","2012","An","341857500","A","Official figure",""
"QCL","Crops and livestock products","002","Africa","5111","Stocks","02122","Sheep","2013","2013","An","351515038","A","Official figure",""
"QCL","Crops and livestock products","002","Africa","5111","Stocks","02122","Sheep","2014","2014","An","360663989","A","Official figure",""
"QCL","Crops and livestock products","002","Africa","5111","Stocks","02122","Sheep","2015","2015","An","363204491","A","Official figure",""
"QCL","Crops and livestock products","002","Africa","5111","Stocks","02122","Sheep","2016","2016","An","374653782","A","Official figure",""
"QCL","Crops and livestock products","002","Africa","5111","Stocks","02122","Sheep","2017","2017","An","380882077","A","Official figure",""
"QCL","Crops and livestock products","002","Africa","5111","Stocks","02122","Sheep","2018","2018","An","388086469","A","Official figure",""
"QCL","Crops and livestock products","002","Africa","5111","Stocks","02122","Sheep","2019","2019","An","409742815","A","Official figure",""
"QCL","Crops and livestock products","002","Africa","5111","Stocks","02122","Sheep","2020","2020","An","418714777","A","Official figure",""
"QCL","Crops and livestock products","002","Africa","5111","Stocks","02122","Sheep","2021","2021","An","424044488","A","Official figure",""
"QCL","Crops and livestock products","002","Africa","5111","Stocks","02122","Sheep","2022","2022","An","426307743","E","Estimated value",""
"QCL","Crops and livestock products","002","Africa","5111","Stocks","02122","Sheep","2023","2023","An","432673751","E","Estimated value",""
"QCL","Crops and livestock products","002","Africa","5111","Stocks","02122","Sheep","2024","2024","An","438674829","E","Estimated value",""
